word,counts
URB.,1964
BO.,1742
/,419
-,256
RES.,204
COND.,163
PARC.,160
Urb.,115
BDA.,81
Bo.,64
15-12,61
AVE.,50
SECT.,49
EXT.,46
CARR.,37
REP.,34
SEC.,32
Res.,28
COM.,26
IND.,25
STA.,20
EST.,17
APTO.,17
JARD.,16
ARRIBA/SECT,15
GORDO/SECT,15
PAR.,15
15-12**,15
ALT.,14
CENT.,13
NUEVO/SECT,13
MANS.,12
15-12*,12
SUMIDERO/SECT,11
GUARAGUAO/SEC,11
/LOS,11
/SECT,10
ARRIBA-SECT,10
MINILLAS/SECT,10
GUARAGUAO/SECT,9
BO.CERRO,9
GORDO/SEC,9
REPTO.,9
Parc.,9
BO.PUEBLO,9
QDA.,8
/SECTOR,8
"NUEVO,",8
#,8
SEC.LOS,8
APTS.,8
CAMARONES/SECT,8
#2,8
R-041,8
"LAJAS,",8
/SEC,8
M.,7
ABAJO/SEC,7
R-006,7
SECT.LOS,7
ABAJO-SECT,7
R-057,7
"ABAJO,",7
JAGUAL/SECTOR,7
R-068,7
"POZAS,",7
"VERDE,",7
#1,7
A-1,7
ALTO/,6
ARENAS/SECT,6
BEATRIZ/SECT,6
URB.LAS,6
I/SEC,6
GRANDE/SECT,6
R-020,6
QUEBRADA/SECT,6
ABAJO/SECT,6
"CAGUANA,",6
-LA,6
ARRIBA-SEC,6
Bda.,6
BO.CAIMITAL,6
FLO.,6
VISTA/SEC,6
BO.PIEDRAS,6
ESQ.,6
BO.CRUCES,6
URB.ESTANCIAS,6
I/SECT,6
N.,5
"ORTIZ,",5
RITA/SECT,5
Cond.,5
R-046,5
/BO,5
ARRIBA/LOS,5
R-071,5
INT.,5
MAMEY/SECT,5
ABAJO/LOS,5
Carr.,5
ABAJO-,5
-SECT,5
OLAYA/SECTOR,5
CAM.,5
CANABONCITO/SEC,5
DAJAOS/SECT,5
SUMIDERO/LA,5
SUMIDERO/SECTOR,5
CANAS/SECTOR,5
BO.QUEBRADA,5
P-2,5
BO.RIO,5
CANABONCITO/SECTOR,5
R-055,5
CARRIZALES/SECT,5
ARRIBA/,5
"REAL,",5
1/SECT,5
NO.,5
NUM.,5
",",5
URB.VILLAS,5
"NUEVAS,",5
PUEBLO/CALLE,5
NUEVO-EL,5
"I,",4
"TANAMA,",4
JAGUAS/SECTOR,4
J.,4
ARRIBA/SECTOR,4
URB.VILLA,4
CUCHILLAS/SECT,4
TEJAS-LOS,4
MONTES/MONTE,4
ARRIBA/SEC,4
GUARAGUAO/SECTOR,4
ABAJO/LA,4
GORDO/LOS,4
VISTA/SECT,4
VISTA/CUESTA,4
MAMEYES-SECT,4
"PLATA,",4
R-012,4
ATALAYA/SECT,4
URB.OLIMPIC,4
2/SECT,4
HINCADO-SECT,4
"QUEBRADILLAS,",4
SABANA-LA,4
VEGUITAS-SECT,4
R-018,4
"PALMERAS,",4
6.3,4
CORCOVADA/EL,4
QUEBRADA/SECTOR,4
#5,4
R-088,4
Rep.,4
OLAYA/SEC,4
C.,4
ARENAS/SECTOR,4
/EL,4
"II,",4
MARIAS/SECT,4
ALTO/VILLA,4
ANTONIO/SEC,4
LAJAS/SECT,4
R-021,4
RL-29058,4
"ALTO,",4
ANTONIO/SUR,4
RL-27024,4
CAMASEYES/VILLAS,4
R-017,4
COL.,4
ANTONIO/SECT,4
1.2,4
II/LOS,4
ANGELES-SECT,4
SONADORA/SECT,4
CANABONCITO/SECT,4
ARENAS-,4
R-050,4
-VILLA,4
GRANDE/,4
R-069,4
AGUACATE-COMUNA,4
CENTRO/SEC,4
R-067,4
#4,4
URB.QUINTAS,4
"ESPERANZA,",4
R-028,4
"ALTA,",4
T.,4
R.,4
Com.,4
BO.LIRIOS,4
ABAJO/,3
OLAYA/SECT,3
BO.CORRALES,3
PATRICIO/SECT,3
"MAR,",3
COCOS/CJN,3
BAJO/SECT,3
/LA,3
B-9,3
TANAMA-SECT,3
RINCON/SECT,3
BO.BUENA,3
BO.SANTA,3
CAMASEYES/PASEO,3
CAGUITAS/SECT,3
"CAMASEYES,",3
SECT.LA,3
GUAJATACA/SECT,3
ARENAS-SEC,3
BO.LA,3
GUARAGUAO/VILLA,3
"TUNA,",3
JACANA/R-208,3
CANABONCITO/HORMIGAS,3
ALTA/SECT,3
MULAS/SECTOR,3
GARZAS-SECT,3
PLATA/BO,3
CARRIZALES/CALLE,3
II/SEC,3
MINILLAS/SEC,3
RL-27033,3
"QUEBRADA,SECTOR",3
V.A.,3
MARIAS/,3
PUEBLO/SECT,3
ARRIBA-SECTOR,3
GARD.,3
ANTONIO/LAS,3
15.12,3
TETUAN-SECT,3
URB.EL,3
LLANOS/VALLE,3
URB.BRISAS,3
REAL/BO,3
BLANCAS/,3
15.12**,3
RL-26042,3
CAPAEZ/LA,3
GUERRERO/SECT,3
ARRIBA-LA,3
L.,3
DR.,3
GLORIA/SECT,3
GORDO/,3
R-079,3
BO.VALENCIANO,3
"HOYOS,",3
MONTES/MONTEREAL,3
CRUZ/SECT,3
HOYOS-SEC,3
HOYOS/SECTOR,3
RL-29039,3
B-5,3
SUR-SEC,3
SUR-SECT,3
/PARC,3
R-019,3
R-023,3
MAMEY/SECTOR,3
Alt.,3
NUEVO-SEC,3
URB.COLINAS,3
JAGUAS/SECT,3
LAJAS/VISTAS,3
ANTONIO/LA,3
ALEGRE/,3
R-007,3
R-065,3
"PINAS,",3
SRA.,3
15-12****,3
SAB.,3
R-009,3
COLLORES-SEC,3
R-086,3
*15-12*,3
BAIROA/,3
R-002,3
MAGUAYO/LOS,3
URB.VALLE,3
JAGUEY/,3
R-066,3
R-033,3
"MABU,",3
"SOL,",3
URB.LOS,3
NARANJO/,3
"VIEJO,",3
"ARRIBA,",3
VISTA/SECTOR,3
BO.MARIAS,3
"PASTO,",3
"BLANCO,",3
R-038,3
BO.NARANJO,3
VISTA/EL,3
RL-29049,3
CANABONCITO/LA,3
GRANDE-SECT,3
LIRIOS/QUEBRADA,3
CANABONCITO/,3
"PRIETA,",3
"PARK,",3
BO.VOLADORAS,3
R-025,3
POZAS/SECT,3
RABANAL-SECTOR,3
JARDIN/LOS,3
"MONTEBELLO,",3
BO.CUCHILLAS,3
LLANOS-,3
/RUTA,3
"ANTONIO,",3
R-016,3
RL-29046,3
ENT.POR,3
R-059,3
R-056,3
DAJAOS/SECTOR,3
R-053,3
"CALABAZAS,",3
VALLE/BO,3
TERRANOVA/SECT,3
H.,3
GRANDE/CAM,3
NARANJITO/LA,3
LECT.,3
TEJAS/SECT,3
5610-1,3
-SECTOR,3
R-042,3
R-008,3
SAURI-BO,2
"MARINA,",2
CAPA/,2
RL-29016,2
"CAIMITO,",2
/AL,2
"SEC.FDCO.DELGADO,BO.HATO",2
CAPA/SECT,2
PRADOS/EL,2
PUEBLO/MANSIONES,2
"CARRAIZO,CUPESOL",2
II/,2
COND.PORTALES,2
JOSE/VILLA,2
NARANJITO/SECT,2
ARENAS/LA,2
CASTRO/LOS,2
REPT.,2
CORCOVADA/SECT,2
CANAS/,2
"ALTO,MORCELO",2
CANABONCITO/HORMIGAS/TABONUCO,2
CANABONCITO/HORMIGAS/LOS,2
PUEBLO/HOTEL,2
II/PARC,2
ALTA/BO,2
BO.CUPEY,2
JOSE/ASOMANTE,2
PRADOS/SERENNA,2
BELLA/LOS,2
MONTEFIORI/TOMAS,2
COND.PARQUE,2
COM.LA,2
S.,2
COND.MALAGA,2
COND.PLAZA,2
TERRANOVA/,2
COND.TORRES,2
NUEVO/VALLE,2
COND.VILLAS,2
SABANA/,2
TERRANOVA/MARGINAL,2
"CENTRO,",2
BO.PADILLA,2
JOSE/,2
ANTONIO/MONTADERO,2
ANTONIO/CJN,2
2/SEC,2
LLANA/VILLA,2
SECT.EL,2
I-SECT,2
"PLAZA,",2
CACAO/,2
"TERRANOVA,",2
TERRANOVA/QUEBRADA,2
TERRANOVA/CALLE,2
MAR/BO,2
JOBOS/COM,2
JOBOS/SECTOR,2
PUNTAS/SECT,2
PUNTAS/CAMINO,2
H.NUEVO,2
ESPINOSA/URB,2
BEATRIZ-,2
SECTOR-,2
CUCHILLAS-CALLE,2
PERCHAS-SECTOR,2
GRANDE-SEC,2
URB.REPARTO,2
"MARIANA,",2
R-27006,2
I/LOS,2
I/CANTA,2
BO.PASTO,2
CAMARONES/SEC,2
REY-,2
BO.LOS,2
ABRAS-LOS,2
POBRE/HIGUERILLO,2
RES.SAN,2
Sta.,2
CATALINA/ZANJA,2
PASTO/STA,2
"LLANOS,SECT",2
"HIGUERILLO,",2
CATALINA/ALMACIGO,2
DUQUE-SIERRA,2
"III,",2
"ELENA,",2
PARAISO/LOS,2
URB.VISTA,2
02-10,2
CACAO/SECT,2
CACAO/LA,2
CACAO/CALLE,2
ABAJO-SECTOR,2
A-2,2
PALMAREJO/SECT,2
CACAO/URB,2
III/LOS,2
CEIBA-,2
CEIBA/,2
ROSA/SECT,2
COCOS-LAS,2
"MONTELLANO,",2
I/LA,2
3/SEC,2
1/,2
HAYALES/ANT,2
GUARAGUAO/LOPEZ,2
LLANOS/SECT,2
"MAIZALES,RANCHO",2
LLANOS/COLINAS,2
LLANOS/PARC,2
"CUCHILLAS,",2
NUEVO/SEC,2
A-9,2
"MANA,",2
"ZANJAS,SECT",2
MEMBRILLO/LA,2
"MARESUA,",2
BLQ.,2
FLORES/BO,2
SOL/LOS,2
ZANJAS/SECT,2
"CALLEJONES,",2
GURABO/BO,2
CIBAO/SECT,2
PEREZ/VALLE,2
"CANA,",2
GORDO/SECTOR,2
AGUIRRE/MONTESORIA,2
RINCON/,2
"INDUSTRIAL,",2
VOLADORAS/SEC,2
II/SECT,2
ALTO/CAM,2
COURT/WALK,2
ARRIBA-SECC,2
CAPAEZ/LAS,2
CAPAEZ/CUESTA,2
Flo.,2
CIENAGA/HOYO,2
CIENAGA/SECT,2
CAPAEZ/,2
"CAPAEZ,",2
"VALLE,",2
SECC.,2
CUCHILLAS-SECT,2
URB.HACIENDAS,2
CARRIZALES-LOS,2
URB.SANTA,2
F.,2
C.C.,2
ALEGRE/PARC,2
SANT.,2
ABAJO-LA,2
"ROSARIO,",2
QUEBRADA-SEC,2
QUEBRADA/,2
QUEBRADA/SEC,2
"GORDO,RIO",2
YEGUADA-SECT,2
YEGUADA/SECT,2
URB.PASEO,2
/LAS,2
GORDA/SECT,2
MEMBRILLO/BAJURAS,2
VISTA-LOS,2
ENT.,2
BAYANEY-RANCHO,2
PUEBLO/SECTOR,2
PUENTE-SECT,2
"PUENTE,",2
PUENTE/URB,2
II/VILLA,2
"ACHIOTE,",2
FCIA.DEL,2
ALTA-,2
JAGUAL/SECT,2
DALIAS/URB,2
JAGUAL/LOS,2
CARITE/SECTOR,2
ROSA/SEC,2
KM2.2,2
15-10,2
/CAR,2
V.,2
MAGUAYO/SECTOR,2
URB.JARDINES,2
CELADA/SECT,2
VELAZQUEZ-ILLAS,2
"SUSUA,",2
#9,2
Ind.,2
ANONES-SECT,2
BARRAZAS/SECT,2
BO.ROCHA,2
C-6,2
R-078,2
BAJA/LAS,2
D-2,2
URB.CIUDAD,2
URB.RIVER,2
"MINILLAS,",2
MONTES/MONTEMAYOR,2
MONTES/MONTEMAR,2
MONTES/MONTEBELLO,2
2.6,2
MACHUCHAL/PAPAYO,2
MONTES/MONTESOL,2
CACAO-HACIENDA,2
ELENA/BO,2
CUCHILLAS/,2
QUEBRADA/CAMINO,2
NAVARRO/SECTOR,2
"AIBONITO,SECT.REYES",2
AIBONITO/,2
NORTE/SECTOR,2
NORTE/SECT,2
BAJADERO/,2
"GLORIA,",2
"CALICHOZA,CANTA",2
RUIZ/,2
"ARRIBA,LOS",2
ESPERANZA/BO,2
SUR-EL,2
"PARAISO,",2
P.,2
R-080,2
NO-12,2
ISLOTE-SEC,2
LIRIOS/SECTOR,2
INC.,2
"FINQUITAS,",2
HOSP.,2
SUR/SECT,2
S.LORENZO,2
VILLAS/BO,2
LIMON/COLINDANCIA,2
SANTANA/,2
ARRIBA-,2
ARRIBA-LOS,2
R-037,2
17.7,2
C-2,2
"QUINTERO,",2
ENTRADA-STA,2
ASOMANTE/,2
NORTE-SEC,2
NORTE-URB,2
GRANDE/SEC,2
PUENTE/SECT,2
LIRIOS/SEC,2
ABAJO/RUTA,2
BO.CAYAGUAS/SECT.LA,2
RT/069,2
BO.SUMIDERO/SECT,2
ASENCIO/SEC,2
JUAN-ENCANTADA,2
LIRIOS/LOS,2
PAGAN--RUTA,2
LIRIOS-SEC,2
EXT.PRADERAS,2
#14,2
10.5,2
CARRAIZO/CAM,2
"AVENTURA,",2
ADENTRO-CALLE,2
"LLANOS,",2
KM.,2
0.5,2
RT/056,2
PASTO/ENT,2
ALTOSANO-SECTOR,2
CARACOL/URB,2
SONADORA/SECTOR,2
GUAYABAL/LAJITAS,2
OROCOVIS-SALIDA,2
ZAMAS-SECT,2
MAMEYES/SECT,2
"MAMEYES,",2
PALMARITO---RADIO,2
HACIEN.,2
"HELECHAL,",2
CANABON-SECC,2
HAC.,2
LIMON-SECTOR,2
HOYAMALA/SECT,2
HOYAMALA-SECT,2
X-100,2
CENTRO/SECT,2
COLLORES/SANTA,2
DAJAOS/,2
CULEBRINAS/MANSIONES,2
GUARAGUAO/,2
GUARAGUAO/LA,2
HOYAMALA-SECTOR,2
-CAMINO,2
COLLORES-ALTURA,2
SALTOS/SECTOR,2
HONDO/CAMINO,2
NUEVO/LOS,2
C-5,2
ARRIBA-EL,2
"SAB.HOYOS,MONTA",2
PINAS/SECTOR,2
PINAS/SECT,2
B-10,2
PRADO/BO,2
-SEC,2
/CALLE,2
C-10,2
/URB,2
PI¬AS/SECT,2
ORTIZ/SECTOR,2
"LUIS,",2
ARRIBA/HACIENDA,2
ISLOTE/JAREALITOS,2
G-14,2
"BO,ORTIZ",2
"GALATEO,",2
ROMERO/VIEJO,2
CORAZON/ALGARROBOS,2
QUEMADO/SECT,2
AGUSTIN/SEC,2
URB.HACIENDA,2
MONTEBELLO-SECT,2
/CERCA,2
"LIMONES,",2
NARANJO/SECT,2
BLANCAS/VILLA,2
"JACANAS,",2
VISTA/PALO,2
R-026,2
ACEITUNAS/PARC,2
BO.ATALAYA,2
RL-29052,2
BO.GUAYABO,2
RL-29033,2
RL-29054,2
RL-29010,2
JAGUEY/SECT,2
R-051,2
SEC.BAJURAS,2
BO.JAGUEY,2
BO.LAGUNA,2
BUCARABONES/LA,2
BO.VACAS,2
MAMEY/DESP,2
TEJAS/PIEDRA,2
00685-0000,2
PILETAS/SECTOR,2
ESC.,2
CALABAZAS-SODOMA,2
RL-29014,2
/CALVARIO,2
7-A,2
GUANIQUILLA/,2
TEJAS-SECTOR,2
COLLORES-LOS,2
TANAMA/SECT,2
RT/065,2
K0.8,2
B.,2
BO.MONTONES,2
VALLE/LOS,2
SALTILLO/SECT,2
COLLORES/SECTOR,2
15-12***,2
SALTILLO-SECT,2
R-044,2
TEJAS/SECTOR,2
CRUCES/SECT,2
I/EST,2
R-052,2
GUAYABO/URB,2
COLLORES/SECT,2
COLLORES-SECT,2
TEJAS/MONTELLANO,2
ASOMANTE/REPARTO,2
15392/VER15-12,2
I-SEC,2
/LORENZO,2
CAGUANA-SECT,2
ALTA/,2
REALES/BO,2
MONTANA/PASEOS,2
R-073,2
S.U.,2
G-3,2
B-18,2
R-074,2
R-070,2
**15-12**,2
"NATIVOS,",2
BAJA/,2
ACEITUNAS/,2
LINDA/CORRALES,2
"ARRIB,SEC",2
FA.10154483,2
URB.MADRID,2
URB.LIRIOS,2
JAGUEYES/LOS,2
JAGUEYES/R224,2
PRAD.,2
ASENCIO/ANDALUZ,2
CAONILLAS-CAONILLAS,2
ASENCIO/SECT,2
SECT/MINILLAS,2
MULAS/SECT,2
ABAJO/LADO,2
I-7,2
"ANGELES,",2
BAYAMONCITO/SECT,2
ARRIBA/RUTA,2
BAYAMONCITO//R-211,2
CENTRO/LOS,2
ABAJO/EL,2
CAGUITAS/BARRIADA,2
CAMACEYES/ENTRADA,2
CAMACEYES/,2
ABAJO/HATILLO,2
ESPINO-DESP,2
MED.,2
MINI-MINI,2
AIRES-ALTO,2
BORINQUEN/SECT,2
BO.BUENOS,2
ALTO/SECT,2
"AIRES,SEC",2
ESPINO/SECTOR,2
PINALES/MIGUEL,2
PUNTAS/FTE,2
SOLLER/SECT,2
ROMERO/LAS,2
SOLLER-SECT,2
AISLADA/CERRO,2
VELOMAS/BO,2
CAMASEYES/,2
CAMASEYES/SECT,2
BO.SAN,2
PALMAR/,2
ALM.SUR,2
I-2,2
APT.,2
"ALGARROBO,",2
C/PRINCIPAL,2
C-15,2
A.,2
#52,2
B-12051,2
CRUCES/ENTRADA,2
BO.PUGNADO,2
BO.ALGARROBO,2
V.B.,2
/ENTRADA,2
MAR-PTA,2
BORINQUEN-SECT,2
MAR.,2
"BORINQUEN,LA",2
BORINQUEN/SECTOR,2
BAMBU/RIO,2
CUPEY/BO,2
"MONTEBELLO,LA",2
CANABONCITO-SECT,2
"CANABONCITO,",2
ARENAS/LOS,2
W-UPS,2
-FTE,2
FLORIDA/SEC,2
MAR.R/101,2
FLORIDA/SECTOR,2
/CAMINO,2
BEATRIZ/LOS,2
"CANABONCITO,LA",2
ARRIBA/LA,2
APTS/BO,2
HORMIGAS/SECT,2
HILL/QUEBRADA,2
QUEBRADA.LOS,2
#3,2
RL-26029,2
CANAS/ALTOS,2
CAYAGUAX/SECT,2
BO.QDA,2
ANTONIO/,2
F-7,2
QUEMADO/,2
ALT.DE,2
RL-26038,2
CERTENEJAS/,2
QUEBRADA/LOS,2
COND.TORRE,2
BARRA/CALLE,2
PARQUE-SUR,2
ESPINO/QDA,2
GRANDE/LA,2
LEGUISAMO/COLINAS,2
BO.MIRADERO,2
BALLAJA/BO,2
"VISTA,",2
5.7,2
COLLORES-LA,2
RL-26013,2
00911-0000,2
"GORDO,LOS",2
00909-0000,2
RL-26033,2
WARSEL/GUARAGUAO,2
GORDO/STR,2
R-001,2
R-035,2
RL-26041,2
RL-26019,2
URB.BOSQUE,2
RL-26079,2
RL-26043,2
P.D.M.,2
"CENT,",2
R-005,2
"9,",2
RODZ.,2
6.6,2
II-LOS,2
CAYAGUAX/LOS,2
CAYAGUAX/SECTOR,2
EXT.ALTURAS,2
B-19,2
CAM.LOS,2
VIEW/RIO,2
VERDE-BO,2
BO.GUARAGUAO,2
"SALVADOR,",2
SALVADOR/,2
"TEJAS,",2
RL-26044,2
"RIO,",2
JAGUITAS/CALLEJON,2
"CASTRO,VALLE",2
MINILLAS/SECTOR,2
NARANJITO/SEC,2
MINILLAS/LADO,2
CEIBA/BO,2
OLAYA/LOS,2
OLAYA/EL,2
NUEVO---LOMA,2
ROBLES-LA,1
MINI-MINI(MED/ALTA),1
ROBLES/,1
22017-14401,1
3422001-03900,1
3422017-21500,1
NA-7,1
"POBRE,",1
3422008-34500,1
3422034-09200,1
3422009-73001,1
3422012-27702,1
III*R-045/SL-600*,1
COM.RAMOS,1
RL-27022,1
SHOPPING/MONTONES,1
/SABALOS,1
POBRE/SECT,1
3422017-21700,1
M.PLATANO,1
SABANA/SECT,1
I/EL,1
MED.ALTA,1
-MIRADERO,1
POINT/MEDIANIA,1
DUQUE-LA,1
ARRIBA/FERRER,1
DUQUE-INVASION,1
I-C07,1
RL-27031,1
B-12000,1
ALTA/TOCONES,1
BAJA/SEC,1
B-12010,1
I/ENT,1
"MINI,",1
ARRIBA-FEIJO,1
B-12015,1
B-12056,1
RL-27008,1
B-12089,1
4/4,1
4-PIEDRA,1
BO.HIGUERILLO,1
MARIANA/HACIENDA,1
VIEW-LO,1
ALT.MAYAG,1
TALEGA-PINONES,1
"BLANCO,SECTOR",1
FEIJO-GS-LA,1
ARRIBAS.,1
B-12326,1
B-1233,1
SEC.TOCONES,1
B.R,1
Med.,1
"PUNTOS,C10",1
R/52,1
BOQUILLAS-CALLE,1
ENT.CLLE,1
RIV.,1
............RTA/042,1
VERDE-LINEA-HACIA,1
BOQUILLAS-REPTO,1
CRUZ/ISLETA,1
RT/45,1
#705,1
SACO/GASOLINA,1
MANATI-MARCAR,1
#18,1
VIEJO....27035,1
CUBUY.CAMINO,1
//SECTOR,1
ALTAGRACIA-CALLE,1
CRUZ-5822,1
#17,1
MERCEDES*R-045/SL-390*,1
MERCEDES*R-045/SL-380*,1
CORTES-PARC,1
CORTES-SECT,1
MERCEDES*R-045/SL-490*,1
BOQUILLAS-SECTOR,1
BOQUILLAS/SECT,1
CARLOS/BO,1
ROCA-BARAHONA,1
ROBLES-CARLOSCAS,1
MERCEDES/VISTAS,1
MERCEDES*R045/SL-280*,1
MERCEDES*R-045/SL-620*,1
NUEVO-URB,1
PARC.SOLEDAD,1
GUADIANA-ESPINELL,1
GUADIANA/PACO,1
/R,1
DUQUE/SECT.,1
"BOMBAS,",1
ROSARIO/MALESAS,1
FERMINA/LOS,1
GBO.,1
130-GS,1
RL-27007,1
RL-27034,1
COM.TANI,1
R-27024,1
"DUQUE,SECT.SIERRA",1
ESTANCIA/RT-051,1
GORDO.SECT,1
GORDO/INT,1
SECT.SANTO,1
NUEVO-BUNKER,1
NUEVO-MULITA,1
GORDO/MEDINA,1
"DUQUE,",1
00773-2137,1
07/05,1
"1508,",1
MAR/OCEAN,1
B-11990,1
051/SL-01080,1
ARENAS/RUTA,1
SECT.RINCON.,1
RES.ORIENTE,1
RES.PARKHURST,1
DESVIO*R-034/SL-1390*,1
SABANA/ENT,1
TOMAS..RTA/078,1
II/HUCARES/R078,1
RL-27042,1
BLANCO.SECT.CUCHILLA.R135,1
GOMEZ/RUTA,1
15/RIO,1
K4.2,1
IISEC.TOARIOS,1
RANDY-SONAR,1
RIO-TEJAS,1
MENDEZ/LA,1
CHEVERES/MIRADERO,1
SONSIRE-MIRADERO,1
SEC.LIBORIOCOLLORES,1
II/ENT,1
"II,CENTRO",1
ARRIB/SECTOR,1
I/FRT,1
ESTE/FLORIDA/EL,1
S-EL,1
I/DESVIO,1
POBRE-SUIZA,1
POBRE-PARC,1
R-076,1
ACEITUNAS/PASEOS,1
SECO-RIO,1
RT/028,1
RAMIRES*R-042*,1
R-135,1
DAVILA-27010,1
ASOMANTE/SECT,1
SOTO/R,1
ESTE...RTA/045,1
HUCARESSTGO.,1
CENTROAMERICANA/ALGARROB,1
IV/LOS,1
ACHIOTE/SECT,1
FERMINA/RUTA,1
ACHIOTE-SECT,1
ACHIOTE-,1
FERMINA/REQ,1
ANONES-LA,1
ATAJO-LIMON,1
ANONES-SECC,1
PARKHURST/R,1
MONTONES//MIRAFLORES,1
//R,1
MONTONES-LA,1
PAZ-RIO,1
IV/PIEDRA,1
PARK...RTA017,1
FERMINA/ENTR,1
FRMINA/DSPS,1
"GUADIANA,",1
031/OFIC,1
NAGUABO.RTA/015,1
ARENAS*/LOS,1
R-014,1
NAGUABO//27045,1
014/SL-00140*,1
QDA.GRANDE/LOS,1
LLANOS/RT-014,1
ANONES/SECT,1
RL-27010,1
RL-27028,1
"HEIGHTS,",1
ANONES/SECTOR,1
ARENAS-RUTA,1
NAGUABO.RTA015,1
Q.ARENASANTES,1
NAGUABO//RT,1
PBLTO.RIO/PASTO,1
SECO-,1
PIEDRAS/R051,1
NAGUABO..RTA/045,1
URB.VISTAS,1
GRANDE..R/095,1
R-013,1
2/RUTA,1
BORRERO-MARINI,1
POBRE-MEDIANIA,1
RIVERA/,1
ROBLES/BO,1
HUCARES...............RTA/078,1
GRANDE/C,1
PARK*R-065/SL-1000*,1
AZUL/RUT,1
HIGUERILLO-MEDIANIA,1
SECT.FEIJO,1
GRANDE/BZN,1
R/030,1
MERCEDES*R-045/SL-1090,1
MERCEDES*R-045/SL-1020,1
RL-27032,1
MAIZALES-SEC,1
"EXPRESS,",1
4/CERRO,1
065/SL,1
RTA/007,1
RT/045,1
SANTANA/R019,1
RT/042,1
URB.CAMPO,1
URB.MANS.DE,1
URB.ORIENTE,1
R-063,1
QUEB.,1
//RUTA,1
2-CUESTA,1
IV/POUPART,1
"DIPLOR,",1
RIO/EXT,1
URB.APRIL,1
FLORIDA-CAMINO,1
B-11914,1
QUEB.GRANDE/CAMINO,1
AGUSTIN/BOQUERON,1
"MONTE,BO.",1
RIO/AREA,1
3/PIRO,1
CAMPIA..RTA065,1
R-029,1
TEJAS/TITO,1
R-27012,1
POBRE.SECT.HIGUERILLO,1
TEJAS-ASOMANTE**R063**SL-2520,1
CASTRO*R-027/SL-2520,1
TEJAS-SEC,1
"584,",1
ACEITUNAS/SECT,1
"TEJAS,SEC",1
R-27022,1
ACEITUNA/**VER,1
-28018,1
"POBRE-HIGUERILLO,",1
POBRE-HIGUERILLO,1
SE.MONTELLANOS,1
RT/026,1
TEJAS-,1
POBRE-APTS,1
TEJAS-ASOMANTE,1
"TEJAS,SECT",1
ACEITUNAS/URB,1
"TEJAS,SECTOR",1
GORDO/R,1
TEJAS/DESP,1
TEJAS/ENT,1
BAMBU/BO,1
TEJAS/LA,1
BODEGUITA/R-030,1
TEJAS/LOS,1
BIZCOCHOS/,1
TEJAS/MONTELLANO/LOS,1
#118,1
LOPE/R026,1
ABAJO/HIGUILLALES,1
R-030,1
GRANDE/SAN,1
RL-27003,1
TEJAS.SECT.RIO,1
REAL..RTA/028,1
TEJAS/ANTS,1
ABAJO-LOMAS,1
TEJAS/ASOMANTE,1
ABAJO-4,1
AZUL/R030,1
R-027,1
4/PIEDRA,1
CORTES/SECT,1
LIZAS/LEON,1
/COM,1
EMAJAGUAS/COREA,1
EMAJAGUAS/PAR,1
MESAS/C,1
EMAJAGUAS/VILLAS,1
177-MARGINAL,1
ACEVEDO/LADO,1
TALANTESECT.,1
TALANTE/SECT,1
ALTA/SECTOR,1
PARK/BO,1
SECO.PAR,1
LORENZO/NARANJO,1
VERDES/,1
/VIEQUES,1
5.3,1
ALGAROBO/SECTOR,1
ALGARROBO/REPARTO,1
/ENT,1
BATEYES-LA,1
BATEYES-SECT,1
BATEYES/CAMINO,1
I/,1
ARRIBA--FERRER,1
NARANJO/NIEVES,1
3.0,1
SEGUI/CASA,1
1.3,1
ROJAS/,1
SEC.CUESTA,1
ANESES/SECTOR,1
"BALAGUER,",1
BELTRAN-BABILON,1
PAS.DE,1
ROCHA/VELAZQUEZ,1
ROCHA/SABANA,1
ROCHA/PUNTA,1
ROCHA/PARC,1
ROCHA/,1
SEC.BELTRAN,1
VOLADORAS/LOMA,1
VOLADORAS/CAM,1
BAJA/LLANADAS,1
BO.PLATA,1
#39,1
"ESTADO,",1
ALERTA-BO,1
NIEVES/BO,1
SEC.CULEBRINA,1
ILLAS/NEGOCIO,1
CALZADA/SECTOR,1
BAMBU/,1
NARANJO/COM,1
NARANJO/SECTOR,1
NARANJO/SOLARES,1
EMAJAGUAS-PARCELAS,1
EMAJAGUAS/PARCELAS,1
MUNIZ/BZN,1
PICA/VISTA,1
MORALES/MINIMO,1
"MAGUEYES,",1
NARANJO-6103,1
NARANJO-6121,1
I/ENS,1
NARANJO/BZN,1
DEYNES/ENT,1
PUEBLO/DIEGO,1
"PUEBLO,SEGUNDO",1
BATEYES/SECTOR,1
MAY.CAM.LOS,1
QUEMADO/CAM,1
QUEMADO/COM.,1
QUEMADO/SCT,1
BO.CRUZ,1
SEC.PASCUAL,1
SEC.LAO,1
BO.LEGUISAMO,1
BO.CAPASECTOR,1
GRNADE/JUAN,1
SEC.VILLA,1
HERDZ.,1
NARANJALES/BATEYE/BZN,1
SEC.PARCELAS,1
SEC.BAMBU,1
PUEBLO/ENSANCHE,1
GRANDE/CMNO,1
QUEB.GRANDE/SCT,1
INTSCC.444,1
BO.NARANJOSEC.LOS,1
GRANDE/CUESTA,1
S/CRUZ,1
CANAS/EL,1
CANAS/LOS,1
VOLADORAS-,1
ROSARIO/CMNO,1
VOLADORAS/,1
ROSARIO/SECTOR,1
TRASTALLERES/URB,1
G.,1
ROCHA-COM.LASALLE,1
MARIAS-SEC.,1
HONDO-SECT,1
SEC.HIDALGO,1
GORDO-PLATA,1
HONDO-SECTOR,1
P/P,1
"LEGISAMO,",1
HONDO/SCT,1
VOLADORAS/TIENE,1
VOLADORAS/ENT,1
HONDO/SECTOR,1
"ROCHA,",1
PARC.FAJARDO,1
CUCHILLA/HIDALGO,1
K-1,1
ALONZO/EL,1
P2/SCT,1
CRUZ/LOPERENA/LOS,1
/NEG,1
LEGUISAMO/SECTOR,1
PAZ-PARC,1
BATEYES/VILLA,1
GDE.,1
FTE.CHELOS,1
CUBA/,1
PUEBLO/HACIENDAS,1
VERA/,1
CAPA/FIGUEROA/LADO,1
CAPA/FIGUEROA,1
410-B,1
CAPA/DESP,1
CHIMBI/,1
PARQ.LA,1
LIMON-SECT,1
10/BO,1
LIMON-CARRIZOSA,1
MALEZAS/SCT,1
LIMON/SECTOR,1
MALEZAS-SECTOR,1
"CAICEAS,",1
OHARRIZ-URB,1
NUEVASNO.,1
LAJAS-169,1
"CUCO,",1
B-29,1
MCKINLEY-ANTES,1
HCDA.,1
HNDAS.,1
NORTE-SECT,1
SUR/SECTOR,1
SUR-SECTOR,1
LEGUISAMO-PARC,1
JOBO-PARC,1
HOSP.AREA,1
173-A,1
DAVILA-POZO,1
NORTE/BUENA,1
NORTE-VER,1
"CIPRES,",1
IZQ.LUEGO,1
J.OTERO,1
DER.4TA,1
OTERO-BO,1
PERCHAS/LOS,1
/RIO,1
MARQUEZ-CALLE,1
CUCHILLAS/CORDERO,1
LL-11,1
HOUSING-CAMPO,1
CUCHILLAS/FERRER,1
APTS-TIERRAS,1
CUCHILLAS/SECTOR,1
MONTEBELLO-FTE,1
EDIF.A01,1
CUCHILLAS-PARC,1
VOLADORAS/SECT,1
LAGUNA-SEC,1
PINEIRO-FINAL,1
"PABON,",1
LAGUNA-CALLE,1
MONTEBELLO-SECTOR,1
"MONTEBELLO,SECTOR",1
MONTEBELLO/CALLE,1
MONTEBELLO/EL,1
ALTO-LA,1
PUGNADO-PALMAREJO,1
QUDA.GRAD.,1
UNIBON-URB,1
UNIBON-PATRON-ANTES,1
NORTE/CANTERA,1
NORTE/GUAYANEY,1
TERRACE/CALLE,1
SUR/EL,1
P1-C,1
RABANOS/TIERRAS,1
BOQUILLAS-BRISAS,1
BOQUILLAS-SECT,1
#84,1
"ALEGRE,",1
"NO,22",1
"2,",1
172-CUESTA,1
PASTOS-VAGA,1
PUENTE-BO,1
CERRO-SEC,1
BOQUILLAS/SECTOR,1
BO.TIERRAS,1
GRANDE-,1
"SECO,MANUELCORCH",1
TIE.NUEVA,1
BO.BOQUILLA,1
SEC.SOCUCHO,1
BO.FRANQUEZ,1
MONTEVERDE-,1
MONTEVERDE-BO,1
PORTOFINO-TIERRAS,1
FRANCO/MAYAGUEZ,1
T.NUE,1
FRANCO-MAYAGUEZ,1
C.SUR,1
VI.,1
NVAS/RPTO,1
8-AA,1
L-17,1
SOL/LAS,1
FRANQUEZ-LA,1
FRANQUEZ-COMUNIDAD,1
FRANQUEZ-APT,1
FLAMBOYAN-BASE,1
CUCHILLAS-SECTOR,1
CUCHILLAS-PIMIENTO,1
MAR-BO,1
RES.A-9,1
LUCHETTI-BAJOS,1
RIO/BO,1
BAJA/CHAGO,1
BAJA/LOS,1
FRIA/FRAILES,1
AFUERA/ST,1
6371/VER,1
MONTOSO-SECTOR,1
CLAVEROL/BO,1
MONTOSO/PARC,1
VOLADORAS/SOLAR,1
ACHOTILLO/MARICAO,1
"BACO,",1
BARAHONA/SEC,1
"BARAHONA,",1
BUCARABONES/SEGUNDA,1
BARAHONA-CALLE,1
BARAHONA-656,1
QUEMADO-CARMEN,1
351K2.1,1
"BAJA,LLANADAS",1
FRANQUEZ-SECT,1
"FRANQUEZ,",1
TORRECILLAS-SECT,1
Aptm.,1
TORRECILLAS-SATURNO,1
TORRECILLAS-CALLE,1
CENTRO-PARC,1
SALIENTE-BASE,1
SALIENTE-PUGNADO,1
"JOBOS,",1
-REF.IGLESIA,1
LORENZO-SECT,1
PUGNADO-RIO,1
SECT.SANDOVAL,1
"PUGNADO,",1
FRANQUEZ-ALIANZA,1
UNIBON/CALLE2,1
GUANAJIBO/,1
LASALLE-OJO,1
UNIBON-PASAR,1
ED-T1024,1
GRANDE/EL,1
FRANQUEZ/PUGNADO,1
SUR/URB,1
SAL-BOQUILLAS,1
K46.3,1
NUEVAS-RABANOS-SOLAR,1
NUEVAS-SEC,1
NORTE-PUENTE,1
"MONTELLANOS,",1
NUEVAS/CANTITO,1
FRANQUEZ/SECT,1
T.NUEVAS-BOQUILLAS-EL,1
PERCHAS/SEC,1
ROSELLO/BO,1
ROSSELLO-BO,1
97-B,1
"PINEIRO,",1
PASTOS-SECTOR,1
MO.,1
GRUA/CAF.ALMENDRO,1
ROBLES-LAS,1
RIO-MINILLAS,1
ORTIZ/ESQ,1
PALMAREJO-MAVILLA,1
",SEC",1
-PARC,1
PINAS/MONTE,1
PINAS/SEC,1
PINAS/VILLA,1
CRUZ-,1
CRUZ/REPARTO,1
CRUZ/REPTO,1
CRUZ/SEC,1
ORTIZ/,1
MUCARABONES/VILLAS,1
USERA/TECHNOLOGY,1
BUCARABONES-VILLA,1
"BUCARABONES,",1
BUCARABONES/VILLA,1
GALATEO/SECTOR,1
LAJAS/SECTOR,1
ALTO/PREG,1
PINAS-EL,1
BELLO/CIUDAD,1
SECT.CUESTA,1
"ARENAS,",1
CRUZ-VILLA,1
ARENASSEC.LOS,1
"CRUZ,",1
"CRUZ,ANTES",1
ORTIZ/CAMINO,1
TOA/BO,1
SUR/MIRAFLORES,1
CONTORNO/URB,1
CASIANO-HACIA,1
CORALIS/QDA,1
FUENTE/ESCORIAL,1
ACEROLAS-BOSQUE,1
HOYOS/QDA,1
ROBLES-SECTOR,1
ROBLES/LA,1
ROBLES/TONY,1
2/FRENTE,1
2/SECTOR,1
/PARQUE,1
II/FRANK,1
PIEDRA-EST,1
NUM.2,1
SALTOS/SECT,1
SONADOR-SECT,1
ROBLES/HACIA,1
PERCHAS/LADO,1
PERCHAS/SECT,1
BLANCAS-SECT,1
BLANCAS/BARBERIA,1
BLANCAS/CIDRAL,1
CENTRAL/HACIEND,1
POZAS-SECTOR,1
POZAS/,1
POZAS/GONZALEZ,1
POZAS/HACIENDA,1
POZAS/PUENTE,1
POZAS/SONADOR,1
PUEBLO/SAN,1
-ROBLES,1
A-6,1
SONADOR/GELO,1
SONADOR/SECT,1
SECO/EL,1
PLAYA-REGAS,1
PLAYA/PUNTA,1
USERA/LOMAS,1
VELAZQUEZ/SECTOR,1
VERTERO/PLAYA,1
DESCALABRADO/POTRERO,1
CALLE-2,1
OLLAS/PARC,1
B-5/SEC,1
#90,1
VENTURINI-PIEDRAS,1
JUEYES/SECTOR,1
JAUCA/CANTA,1
JAUCA/ESQ,1
JAUCA/SECTOR,1
RAM/VALLE,1
"MARIELI,",1
"HOSTOS,",1
QUINTERO/CAMPANILLA,1
ANTILLANA/ENCANTADA,1
ORTIZ-QUEBRADA,1
CARRAIZO/CAMNO,1
CARRAIZO/SECT,1
CARRAIZO/SECTOR,1
"ALTO,CAM.LOS",1
BOCAS-SEC,1
BOCAS/,1
BOCAS/SEC,1
GUTIERREZ/CANDELARIA,1
ESPERANZA/CAMPANILLA,1
"ESPERANZA,BO",1
"CLEMENTE,",1
CAND/ARENAS,1
DAVILA/DOS,1
GLORIA-,1
GLORIA-SEC,1
GLORIA-SECT,1
ANTONIO/COLINDANCIA,1
PARC.53A,1
"JUST,SEC",1
BO.CARRAIZO,1
V.SONADA,1
"CASTRO,CARRAIZO",1
6.2,1
R848-SAINT,1
RTA/024,1
CUEVAS/LEPROCOMIO,1
GLORIA-SECTOR,1
GLORIA//,1
GLORIA/CAMINO,1
GLORIA/KENNEDY,1
GLORIA/SEC,1
VARIANTE-VILLA,1
CUEVAS/SEC,1
NEGRITOS-FRUTO,1
3.4,1
LEVITTOWN-1ERA.,1
IP-40,1
"ARENA,",1
URB.PALACIOS,1
RIO-BUCARABONES,1
"RIO,BO",1
"TOA,",1
"BELLISIMA,",1
"MARISOL,",1
CAMPANILLA/VILLA,1
"CAMPANILLAS,",1
CANDELARIA/SECTOR,1
INGENIO/SECT,1
ROSADO-QDA,1
7MA.SECC.,1
(MAVILLAS-COROZAL),1
LAJAS/HACIENDAS,1
LAJAS/LOS,1
HOYOS/BO.QBRADA,1
89-00972,1
89-04027,1
LUNA/EDIF,1
"PAJAROS,SECTOR",1
LUNA/BRISA,1
"SECO,",1
NUEVAS-SAN,1
SECA/LOS,1
"ABRAS,",1
MACUN-BO,1
ALBIZU/CAND,1
"CALMA,",1
VER15-12TENAN,1
C/,1
MACUM/2DA,1
PAJAROS/BDA,1
PAJAROS/CANDELARIA,1
"SECA,SECT",1
SECA/SECTOR,1
BO.CAMPANILLA,1
ARENA/VILLA,1
"ARENAS,FINCA",1
CANDELARIA-JUAN,1
PERCHAS-SECT,1
/GULF,1
JAGUAL-SECT,1
"JAGUAL,CAPILLA",1
"JAGUAL,PARC",1
JAGUAL/MELILLA/HACIA,1
JAGUAL/PREG,1
JAGUAL/RTA,1
JAGUAL/STR,1
MERILLA/3,1
JAGUAL/TRES,1
PALMAS/R-116,1
FERNANDEZ/,1
MORENA/SECTOR,1
/JACOBO,1
ARENAS/JOCOBO,1
ARENAS/MIGUEL,1
JAGUAL-CANTERA,1
EMILIA/NARDA,1
/FTE,1
SGTO.,1
/TAMARINDO/X,1
"HATO,",1
"HATO,SECTOR",1
HATO/,1
HATO/ENTRANDO,1
HATO/STR,1
/MELILLAS,1
HONDA/,1
"QDA.LAJAS,MONTANA",1
R-148,1
"QUEMADO,",1
"QUEMADO,ARILL",1
"QUEMADO,CAMINO",1
"QUEMADO,SECTOR",1
R-089,1
QUEMADO/BRISAS,1
QUEMADO/ENTRADA,1
QUEMADO/FUNERARIA,1
QUEMADO/SECTOR,1
QUEMADO/STR,1
"QUEMADOS,SECTOR",1
QUEMADOS//,1
QUEMADOS/CAMINO,1
QUEMADOS/FINAL,1
QUEMADOS/RTA,1
113/SECT,1
QUEMADO-SEC,1
R-113,1
"QUEBRADA,ARENAS",1
/STR,1
/MELQUIADES,1
"HONDA,SECT",1
HONDA/S,1
QUEBRADA-HNDA,1
"QUEBRADA,LOS",1
"QUEBRADA,VALLES",1
QUEBRADA/CRESPO,1
QUEBRADA/HAC,1
QUEBRADA/HACIENDA,1
QUEBRADA/SAN,1
QUEBRADA/VALLE,1
QUEDRADA/VALLES,1
FLORIDASECT.,1
VALENCIANO/SECT,1
URB.CAPARRA,1
URB.ROOSEVELT,1
URB.VENUS,1
RL-615,1
12-05,1
T-002,1
15/12URGENTE,1
PALMERAS/CENTRO,1
"CUPEY,",1
"SOL,LOS",1
FCO.,1
SENDEROS/MONTEHIEDRA,1
FLORIDA/SECT,1
"GONZÁLEZ,",1
"HUYKE,",1
ÁRB.,1
MON.HIEDRA,1
MAN.,1
MORENA/RTA125,1
/CAMPO,1
SEC.CAMPO,1
ESPINO-SECT,1
"ESPINO,COLINAS",1
"ESPINO,MORENA",1
"ESPINO,QDA",1
ESPINO/QUEBRADA,1
ESPINO/SEC,1
ESPINO/SECT,1
REYES//ABREU,1
FLORIDA/3ER,1
FLORIDA/CAM,1
FLORIDA/CAMINO,1
FNDZ.,1
"CERRO,GORDO",1
CAYAGUAX/,1
"GORDO,SECT",1
GORDO/HOYO,1
GORDO/LORENZO,1
GORDO/SCTR,1
GORDO/SEC.,1
GORDO/SOLAR,1
CASTRO/BUENOS,1
178-STA,1
8/URB.SAN,1
A1/URB.SAN,1
/ABRAHONDA,1
CIBAO-LAS,1
CIBAO/ENTRADA,1
CIDRAL-ENTRADA,1
CIDRAL/SECT,1
GLEZ/PLANTA,1
CULEBRINAS-SECT,1
BO.AIBONITO,1
BO.ENEAS,1
BO.ENEAS/GUAJATACA,1
BO.POZAS/SECTOR,1
HAC.LA,1
BO.ROBLES,1
BO.ROBLES/SECT.GENOVE,1
BO.SALTOS/MANSIONES,1
"BO.SONADOR,SEC",1
CALABAZA-SECTOR,1
CALABAZA/SECT,1
/POR,1
CALABAZAS-SECTOR,1
CALABAZAS/LOS,1
CALABAZAS/RANCHO,1
CALABAZAS/SECTOR,1
CULEBRINAS/CATANO,1
CULEBRINAS/CRUZ,1
CULEBRINAS/PETER,1
ARRIBA/PASEO,1
ARRIBA/SUENOS/LOZAS,1
HOYAMALA/2,1
HOYAMALA/DANIEL,1
HOYAMALA/LECHUZA/TIENDA,1
HOYAMALA/MILLO,1
HOYAMALA/VAQUERIA,1
INT.BO.ROCHA/POZO,1
C-56,1
JUNCAL/BALLAJA,1
JUNCAL/CALLE,1
ORQUIDEA/PARCELAS,1
JUNCAL/HOTEL,1
JUNCAL/PUJOLS,1
MIRABALES/SECT,1
ARRIBA/CMC,1
GUACIO/PARC,1
CULEBRINAS/RINCON,1
ENEAS/ENT,1
GUACIO/PALAU,1
GUACIO/SECT,1
GUATEMALA/,1
A-4,1
SALTOS/LA,1
/SOLAR,1
FLORIDA/,1
"VALLE,QBDA.ARENAS",1
ARENAS/VAQUERIA,1
//SECT,1
QDA.HONDA,1
ARENAS/JACOBO,1
ARENAS/LORENZO,1
GOMEZ/R133,1
"QUEMADO,RPTO",1
912/,1
APONTE/QDA,1
SECT.BRISAS,1
"ROLDANES,BO.C.GORDO",1
"MACHURRIA,",1
BO.CAYAGUAX,1
DORADO/2DA,1
SALTO/SECTOR,1
BO.ESPINO,1
"BO.HATO,ESTANCIAS",1
ARENAS/CERRO,1
RL-148,1
BO.QUEMADO,1
"BO.QUEMADO,COLINAS",1
BO.QUEMADO/LOMA,1
BO.QUEMADO/SECT,1
MONTE/,1
CAYAGUAX/FTE,1
/CONT,1
ENCERRADO/,1
MORENA-APT,1
RT/140,1
ENEAS/ESTANCIA,1
GUACIO-SECTOR,1
GUACIO/TOSQUERO,1
GUAJATACA-SECTOR,1
GUAJATACA/LAS,1
GUATEMALA-OFICINA,1
GUATEMALA/CENTRAL,1
HOYAMALA-LECHUZA,1
HOYAMALA/LECHUZA,1
JUNCAL-SECTOR,1
JUNCAL/PARCELA,1
167/-SOTANO,1
JUNCAL/SECTOR,1
BLANCAS/GYM,1
ROBLES/SECT,1
68-A,1
B-11957,1
ALTOSANO/MOLINA/TANQUES,1
VALLEY/ACCESO/,1
BELTRAN/ANTES,1
GUERRERO/ENT,1
GUERRERO/LOS,1
GUERREROEST.,1
AIBONITO/GUERRERO,1
AIBONITO/MEDINA,1
BAHOMAMEY/IGLESIA,1
CALABAZAS/TONO,1
AIBONITO/LOS,1
CALABAZAS-LOS,1
CALABAZAS/EL,1
CALABAZAS/SECT,1
"ALTO,SEC",1
"COMANDANTE,",1
MAYORAL/BO,1
Q98-02307-13,1
ALBA/HATO,1
RL-29027,1
AGUACATE-ARRIBA,1
"AGUACATE-COMUNA,",1
R-29002,1
TERRALINDA..RTA/133,1
TERRALINDA..RTA133,1
RL-29041,1
9806157-13,1
NUEVO.RTA058,1
ROMERO-URB,1
ROMERO/EMPIRE,1
VACAS-SECTOR,1
VACAS-SIERRITA,1
VACAS/SIERRITA,1
VACAS/VISTA,1
BO.CAONILLAS,1
BO.DAJAOS/CAONILLAS,1
BO.LIMON,1
BO.SIERRITA,1
Q4622/0597C13,1
RL-26057,1
"CARRAIZO,CAM",1
RL-29057,1
RL-29038,1
RL-29034,1
CENTRO..RTA/145,1
TEJAS--RT,1
BO.GUAYABOTA,1
BO.JACANASLOS,1
RL-29019,1
R-29019,1
CALABAZAS-ROSA,1
"GUAYABOTA,",1
RL-29004,1
GUAYABOTA....RTA/182,1
GUAYABOTA.RTA182,1
GUAYABOTAS.SECT.LA,1
GUAYABOTAS.SECT/LAS,1
RL-031,1
R-29031,1
R-29032,1
"JACANAS,PIEDRA",1
JACANAS.SECGRANJA.RTA088,1
JACANAS.SECT.GRANJA.RTA/088,1
JAGUEYES..RTA/172,1
RL-29007,1
"MARTIN,",1
R-29007,1
RL-29028,1
"PICA,PANDURA",1
ROMERO-FINCA,1
/QUINTAS,1
"AFUERA,SECT",1
AFUERA/LAS,1
1ER.NIVEL,1
SEC.RIO,1
REALSEC.,1
TERRENAS/SECT,1
VELOMAS-SECT,1
SERENA/PUGNADO,1
CHAL.,1
AFUERA/LA,1
"AFUERA,",1
AFUERA-SECT.LA,1
V.Baj,1
"CARMELITA,",1
V.BAJ,1
"COLOMBO,",1
"GRANJAS,",1
PARC.MIRANDA,1
"NUEVO,CALLEJON",1
NUEVO/MONSERRATE,1
NUEVO/PLAYA,1
PUG/AFUERA,1
URB.VELOMAS,1
LIMON/DAJAOS,1
PINO/PARC,1
HATILLO/PARC,1
ARRIBA/JOBITOS,1
PUERCO/EL,1
ARRIBA/SOLAR,1
JAGUEYES/LAO,1
JAGUEYES/PARCELAS,1
JULITA-NEG,1
95-43,1
PALMAREJO/LA,1
PALMASOLA/LA,1
ARRIBA/CUBONES,1
G-25,1
-VER,1
ACEITUNA/SIERRITA,1
APEADERO/APTS,1
CHEO-,1
-ABAJO,1
CALABAZAS-SECT,1
CALABAZAS-VILLA,1
YABUCOA**L/152**,1
"7,",1
"HILDA,",1
"BUENAVENTURA,",1
LLUVERAS/50,1
BLANCAS/SEC,1
PLAYITA-PARC,1
R-29060,1
PLAYITA-PARCELAS,1
PLAYITA.....,1
QUEBRADILLA.RTA161,1
RL-107,1
SECT.VALERIO,1
BARINAS/LA,1
MARIANI/BO,1
NUEVAS/GARGOLA,1
QUEBRADAS/SECTOR,1
"RUBIAS,",1
MARIANI/CUATRO,1
JACANAS/SECTOR,1
ALTA/CACAO,1
ALTA/QUEBRADA,1
RUBIAS/HACIENDA,1
"BAJA,",1
BO.SIERRA,1
CARRIZALEZ/LAS,1
D/B/A,1
"VIEJAS,",1
PLAYITA-GUAYABO,1
KILI//RT/29030,1
GUANO/CAMINO,1
BUENAVENTURA/059,1
GUAYABOTA-LOS,1
GUAYABOTA-SECT,1
RL-29053,1
GUAYABOTAS-SECT,1
BLANCA.SCT.RIOS,1
GRANJA-049,1
RL-29031,1
"NEGRO,",1
COCAL/EL,1
FUEGO.CAMINO,1
NUEVO.,1
NUEVO-RINCON,1
NUEVO//RT,1
NUEVO/29046,1
NUEVO/SECT.COLONES.041,1
"95,",1
COMUNA-SECT,1
RL-29002,1
CALABAZAS.RTA.115,1
CALABAZAS.RTA115,1
JACANAS-PIEDRA,1
JACANAS/PIEDRAS,1
RTA/176,1
76/BO,1
NUEVO-BASE,1
2-29042,1
COMUNA...RTA001,1
"PARC.MARTOREL,SECT.SODOMA",1
GUAYANES-CALAMBRENA,1
GUAYANES-EL,1
GUAYANES-GANDULAR,1
"GUAYANES,",1
GUAYANES/LOS,1
RL-127,1
#36.,1
PAR.LA,1
LIMONES-MARTORELL,1
MARTIN-PICA,1
#172,1
RL-29020,1
LIMONES-SECT,1
LIMONES-SECTOR,1
VETERANOS.LOS,1
SUSTACHES.,1
MARTORELL-SODOMA,1
COMUNA-CALAMBRENA-GANDULAR,1
CAONILLAS--ABAJO,1
CAONILLAS--CAONILLAS,1
CAONILLAS-SECT,1
CONSEJO/SECT,1
ALONSO-CAMINO,1
ALONZO-DON,1
JACANA-SECT,1
LIMON/SECT,1
ABAJO-PARC,1
-CERRO,1
"PALMAS,",1
BLANCO-ALTOS,1
RABANOS-SECT,1
ABAJO-ANT,1
"JUAN,",1
URB.TERRALINDA,1
JUAN/ENCANTADA,1
TRUJILLO/,1
T.A,1
ANGELES-ALTURAS,1
ANGELES-EL,1
CORCHO-LAS,1
ANGELES-SEC,1
SECT-PARC,1
"RONCADOR,",1
GRANDE-SALTO,1
ABAJO-CUESTA,1
III-CHARCO,1
B-30,1
PCA.,1
ARRIBA-PARC,1
TETUAN-SEC,1
-BELLA,1
SECT.PARC.RIERA,1
ARRIBA-CONSEJO,1
"CAYUCO,",1
SAL.,1
URBANO--URB.,1
ALTO/FINCA,1
LLENA/BO.,1
COURT-ENCANTADA,1
"COURT,ENCANTADA",1
PACIFICA-ENCANTADA,1
CUPEY/,1
NEGRITO-GATEWAY,1
SECT-CORTES,1
"GUAYABOS,CARRAIZO",1
HILLS/QUEBRADA,1
"CRISTAL,",1
"ORQUIDEA,",1
"CARRAIZO,LOS",1
"CARRAIZO,LUNA",1
CARRAIZO/EL,1
TRUJ.,1
/MATIENZO,1
AVENTURA/ENCANTADA,1
/LAGO,1
COND.JARDINES,1
COND.VISTA,1
ENTRERIOS/ENCT,1
DE-ESC,1
EDIF.N,1
ENCANTADA-ANTILLANA,1
RIO/SENDEROS,1
PAZ/BDA,1
ANTILLANA-ENCANTADA,1
"ANTILLANA,",1
"CORRIENTES,",1
"RIOS,",1
"ANTIGUA,",1
"CIMA,",1
"COURT,",1
"PACÍFICA,",1
"RIACHUELO,",1
RIACHUELO-ENCANTADA,1
ST.,1
SOIZA/BO,1
"NUNEZ,BO",1
CRUZ-BO,1
SECT.LUISA,1
SECT/,1
30-B,1
COURT-TERR.ESTATES,1
PACIFICA-ENCANTADA-,1
"ANTILLANA,LA",1
IP-203,1
ENCANTADA/ENTRERIOS,1
ENCANTADA/RIVERWALK,1
RIOS-ENCANTADA,1
FDO.,1
PUG.AFUERA,1
"ADENTRO,SECT",1
ADENTRO/SOLAR,1
ADENTRO/URB,1
"AFUERA,REPTO",1
AFUERA/URB,1
C/PROGRESO,1
SECT.HOYOS,1
/ATLANTIC,1
C/PRICETON,1
YEGUADA/OCEAN,1
"ARENALES,",1
SECT.SOSTRE,1
SEC.BARTOLO,1
"NUEVO,SECT",1
ALM.SURRANCHOS,1
"NORTE,SECT",1
NORTE/ARRAIZA,1
ALMIRANTE/BAJURA,1
AVE.VISTA,1
PTO.NUEVO,1
SANDIN-LAGUNA,1
SANDIN/SECTOR,1
BDA.SANDIN,1
ALGARROBO-EL,1
"ALGARROBO,REPTO",1
ALGARROBO/SCT,1
ALGARROBO/SECTOR,1
COM.MIRANDA,1
NORTE/CUATRO,1
S/MONCERRATE,1
BO.ALM.NORTE-SECT.COUNTRY,1
BO.ALMIRANTE,1
PARC.378,1
NUEVO-MONSERRATE,1
"ARRAIZA,",1
131-A,1
COLOMBUS-PUG,1
"PANAINI,",1
PLAYA/ESTE,1
JARD.DE,1
C/A,1
FRONT-YEGUADA,1
REAL/REINA,1
REAL/CIUDAD,1
SECT.COLLAZO,1
BO.STA.ROSA,1
ROSARIO/RIO,1
BASE#3,1
R/ABAJO,1
CARIBE/LOS,1
PLAYA/,1
"NORTE,",1
I-II,1
SECT.SANTANA,1
BAJURAS/VISTA,1
"BREÑAS,",1
BO.BRENAS-FINCA,1
BO.CIENEGUETA,1
BO.MARICAO,1
VIOLETAS/SABA.HOYOS,1
CANDELARIA/HAC.CAMPO,1
GORDO/CAR,1
GORDO/ROYAL,1
EDIF-F,1
"BAJURA,",1
BAJURAS/LOS,1
BAJURA/COMUN.,1
SEC.PRINGAMOSA,1
BAJURAS-MARINA,1
2DA.PLANTA,1
CANDELARIA/RANCHOS,1
SECT.ARENAS,1
ESPINOSA-PAR,1
ESPINOSA/SECTOR,1
SECT.GONZALEZ,1
"MARICAO,",1
MARICAO/CRUCE,1
ESC-BRIGIDA,1
CAPDEMAR/BRENAS,1
ISOMAR/SECTOR,1
"HILL,",1
"ANA,",1
APARTMENTS/ESPINOSA,1
ALGARROBO/COLOMBO/LAS,1
NORTE/EL,1
NO.1,1
/CERRO,1
4-,1
MARICAO/ESCALERA,1
"BREEZE,",1
"PALM,",1
C/MANRIQUE,1
SEC.BRENAS,1
SEC.MORAN,1
"BO,MARICAO",1
PACHANGA/BO,1
"VEDADO,",1
ANTONIOPARC.GRANDE,1
JOSE/BRISAS,1
F-18,1
JOSE/ENTRADA,1
JOSE/JAYUYA,1
JOSE/URB.,1
JOSEURB.,1
JOSEURB.BRISA,1
GRAND.,1
MUROS-CERRO,1
ANTONIO/CALLE,1
INT-LAS,1
COCOS/CAL,1
COCOS/FTE,1
COCOS/PARCELAS,1
/SAN,1
JAVIER/CACAO,1
GUAJATACA/POSADA,1
II/BARRIO,1
-CERCA,1
BOX-6055,1
BOX-6063,1
BOX-6076,1
BARRERO/LA,1
"PALMARITO,SAN",1
"TERRANOVA,SECT",1
TERRANOVA/217,1
TERRANOVA/DETRAS,1
TERRANOVA/SECTOR,1
TROPICAL/CALLE,1
MARINA/BO,1
IZQ.,1
COCOS-CALLE,1
COCOS-DAMASO,1
COCOS-FITO,1
PIEDRAS/AVE,1
COCOS-PALLENS,1
COCOS-SECT,1
COCOS-SECTOR,1
COCOS/,1
COCOS/HILARIO,1
COCOS/SECT,1
COCOSSECT.,1
-ISIDRO,1
GUAJATACA/JUAN,1
CHARCAS/LOS,1
VALLAS-SECTOR,1
TORRES-OFIC,1
/CALLEJON,1
CACAO-CALLE,1
CACAO-LA,1
CACAO-SECT,1
CACAO-SECTOR,1
CACAO/2695,1
CACAO/ENT,1
GUAJATACA/JULIO,1
GUAJATACA/LOS,1
TERRANOVA-CALLE,1
TERRANOVA-QUEB,1
TERRANOVA-QUEBRA,1
CACAO/308,1
BO.TERRANOVA,1
TALAS-FINAL,1
CACAO/DAMASO,1
CACAO/SECTOR,1
CACAO/TALAS,1
ANTONIO-MONTADERO,1
"ANTONIO/SECT,PALMARITO",1
ANTONIOPARC.165A,1
JOSE/CALLE,1
JOSE/CJN,1
JOSE/HACIENDA,1
JOSE/LOS,1
JOSE/REPARTO,1
JOSE/SECT,1
GRANDE/BUZON,1
GRANDE/PUNTA,1
VIEW/,1
AZUL/AREA,1
"ALTA,CAM",1
VERD/SECT,1
ABAJO-LOS,1
/MEDINA,1
ABAJO/CAM.GONZALEZ,1
JIMENEZ/CAMINO,1
"VEGA,",1
CHIQUITO/DESP,1
PUNTAS/BERENO,1
PUNTAS/CASA,1
PUNTAS/VERENO,1
MALPICA/SECT,1
MOROVIS/CAM,1
REAL/COSTA,1
"CANDAL,",1
GLEZ./ENTRADA,1
VIENTO-CIENAGA,1
"CASTROS,",1
/COSTA,1
COND.CASA,1
ZARZAL--LAS,1
R.G,1
BO.MALPICA,1
14.4,1
INVES.,1
"ALTA,SECTOR",1
3-T,1
CRUCES/REF,1
CRUCES/SECTOR,1
ENSENADA/CALLEJON,1
ENSENADA/SECT,1
ENSENADA/SUNSET,1
CRUCES/PALMITA,1
BARRERO/,1
CALVACHE/AL,1
CALVACHE/SECT,1
GRANDE/ANTS,1
CALVACHE-SEC.,1
GRANDE-URB.,1
BO.PUEBLOVILLAS,1
BO.PUNTAS,1
SECT.CORCEGA/TROPICO,1
STELLA/CALLE,1
COM.ESTELLA,1
RT/099,1
PUNTAS/,1
SEC.CUCHILLO,1
JAGUEY/CERCA,1
/EDIF,1
SEC.CARDONA,1
PUEBLO/CERCA,1
PUEBLO/QUIQUE,1
BARR.,1
BOTI.,1
BOTIJ.,1
SABANA---LOS,1
SABANA/LOS,1
"BQTAS,",1
SECT-COLI,1
BAJOS-LAMBOGLIA,1
BAJOS/SECTOR,1
PIEDRA--DIVISORIA,1
CANA--MAGUEYES,1
SABANA-SECT,1
II-CASA,1
5.0,1
ABAJO-SEC.,1
CARMEN-GS,1
GATO-SEC,1
BO.REAL,1
BAJO/LOS,1
GUARDARRAYA/COFRESI,1
GUARDARRAYA/COOPERATIVO,1
"JACABOA,",1
8-89,1
6-91,1
POLLOS/COM,1
MAMEY/LA,1
CUCHILLA/LOS,1
MARIN/SECT,1
REAL/SECTOR,1
REAL/SONADORA,1
GATO------BAJURAS,1
G-2,1
BARROS/SECTOR,1
PIEDRA/HCDA,1
"GATO,",1
MUERTOS-GS,1
BARROS-LIMONES,1
BARROS-SECT,1
"BARROS,",1
"BARROS,SECT.",1
BARROS//EMISORA,1
ARRIBA----SABANA,1
-CUATRO,1
ABAJO----4,1
ABAJO-HIGUILLALES,1
ARRIBA-FEIJOO,1
ARRIBA/FEIJOO,1
GUADIANA-GS-TEXACO,1
LOMAS/CHARRIEZ,1
GARCIA-SECTOR,1
"NARANJO,",1
ARRIBA--CENTRO,1
BERMEJALES-GS,1
BERMEJALES-SECTOR,1
SABANA-+SECT,1
SABANA-SECC,1
"SABANA,",1
SABANA/FRENTE,1
SABANA/SECTOR,1
CABRA-LA,1
CABRA-SEC,1
"CABRA,",1
"BO,PELLEJAS",1
BARRAOS-SECT.,1
BARRAOSSECT.,1
LIMONES/ALTOS,1
//CHU,1
"PELLEJAS,SECTOR",1
II-SECT,1
"BOTIJAS,",1
CACAO-ALTURITA,1
ABAJO-SEC,1
GATO-AL,1
GATO-BAJURAS,1
GATO-SECC,1
GATO-SECTOR,1
OROCOVIS-SECT,1
25.70,1
PONDEROSA-BO,1
APTS/,1
PANDURA/LA,1
-BLVD,1
PASS/QUIZNOS,1
#49,1
QUINONES/BO,1
EDIF.DE,1
GOLF/CENTRO,1
RAMBLA/ANTES,1
"SERRALLES,",1
JOSE/LAS,1
VISTA/TOWN,1
REAL/COTO,1
IP-9,1
LIMON-SEC,1
23-351,1
THOMAS-PUNTO,1
R/CHIQUITO,1
-YUCA,1
BAJURA/BAJOS,1
/MARAGUEZ,1
LAUREL/PALMAREJO/SEBORUCO,1
BAHIA-SECTOR,1
CARMELITA-HOGARES,1
#23,1
BALDORIOTY-ESQ,1
BELGICA/ESQ,1
02-00444-13,1
CEIBA/SECT,1
DOMINGO/SECT,1
MACANA/SECTOR,1
CEIBA/LA,1
TECHO/BO,1
JUSTICIA-,1
GUARAGUAO-SANTAS,1
ACASIA/BO.SABANETAS,1
ACASIABO.SABANETAS,1
JAGUEY/LOS,1
41-672,1
COM.-,1
AGUSTIN/REP,1
SEC-PASTILLO,1
MARAGUEZ-SECTOR,1
"LIMON,",1
-VILLAS,1
ANON-HCDA,1
ANON-VISTA,1
ANON/LOS,1
BO-TIBES,1
PATRICIO/LA,1
TIBES/SECT,1
TIBURONES/COLONIA,1
IG.BETEL,1
II-BARCELONA-PALMER,1
COND.LOS,1
COND.MONTESOL,1
COND.PARADISE,1
COND.PARQUES,1
COND.SAN,1
COND.SIERRA,1
CIBELES/TORRE,1
"CONDADO,",1
YARD/ALT,1
SEC.ROMAN,1
C.LA,1
COND.MIAMI,1
COND.CANALS,1
"ZAHIRA,",1
VERDEMONTE/BO,1
BO.SABANA,1
Apts.,1
"ROYAL,",1
"AGUSTIN,",1
ALTO/BO,1
ALTO/CAMINO,1
"1,CAIMITO",1
$100.00*,1
"PARK,HATO",1
(W-UPS),1
GOB-DEPTO.,1
ALTO/CAMNO,1
ALTO/CMNO,1
RODRZ.PEREZ,1
PROY.MONTE,1
"ALTA,CAIMITO",1
III-700,1
COURTYARD/ALT,1
"TEIDE,",1
GDNS/MIRAMAR,1
"FRANCIA,",1
"BRISAS,BO",1
MONTESOL/SANTA,1
2000.,1
CORUNA/,1
FUENTE/,1
00918-0000,1
/ALTS,1
Q/REPARAR,1
****VER15-12,1
"JOSÉ,",1
"SELLÉS,",1
A-B,1
C-D,1
"KENNEDY,",1
/PARQ,1
ANTONIO/EL,1
00917-00,1
00912-0000,1
00901-0000,1
00907-0000,1
"ROOSEVELT,",1
RPTO.METROPOLITANO,1
JOSE-VALENCIA,1
RITA/REDONDEL,1
"NEVAREZ,ALTOS",1
NEVAREZ/VER,1
BORIN.,1
"BALDRICH,",1
"LLENZA,",1
PUB.,1
FERR/C/C,1
IP-46,1
PEREZ*15-12*,1
GARDENS-ED,1
"ANTONINI,",1
BROTHERS/SAB,1
"BRISAS,",1
/RPTO,1
BROTHERS/SABANA,1
(W-UP),1
JDNS.,1
2.4,1
"APTS,",1
CEDROS/WALK-UPS,1
COROZOS/ICC,1
"GARCIA,CAIMITO",1
SENORIAL/AREA,1
C/E*,1
Cord.,1
Dav.,1
CORD.,1
"MIRADOR,",1
"PRADO,",1
"CASAS,",1
"MARGARITAS,",1
"QUINTANA,",1
DALIAS/ED-5,1
"JUAN,LOS",1
GARDENS/CUPEY,1
FAC.,1
COMU.,1
REINA/REINA,1
ARENA/LOS,1
ROMAN/CUPEY,1
VIEJO/PARCELAS,1
PLENA/QBDA,1
MAREAS/CALLE,1
PLAYA/SECTOR,1
PLAYASEC.VILLA,1
PLAYITA/ESTERO,1
PLAYITA/VILLA,1
FELIPE/BRISAS,1
CAMP.SANTIAGO,1
(B.MILITAR),1
NUEVOCOM.ARCADIO,1
MALDO.,1
KM90.09,1
C-52,1
C-63,1
E-7,1
URB.ALTURAS,1
K-201,1
E-15,1
JULIA/BO,1
COQUI/COL,1
"ALTO,SECT",1
ALTO/EL,1
"BAJO,",1
GUAMA-SECTOR,1
BAJO-LOS,1
"BAJO,LA",1
CULEBRA-COTUI,1
MARESUA/PORTAL,1
ALTO-SECT,1
"MINILLAS,APART",1
"MINILLAS,CJN",1
MARBELLA/BO,1
ACUEDUCTO/LA,1
2/PALMAS,1
155.0,1
PARC.VAZQUEZ/SECTOR,1
22-A,1
SEC-C,1
GODREAU/BO,1
GODREAU/COL,1
SABANERAS/BO,1
/JIMENEZ,1
MONTECILLO/LOS,1
ALEGRE-BO,1
GOTERA/,1
BRISAS/RIO,1
PLANTATION-BO,1
3.6,1
/PAPAYO,1
MACHUCHAL/CAMINO,1
P.H.,1
"98,",1
"SOSA,",1
ESTAN.,1
MEDINA-GUZMAN,1
MOLINAS/INTERIOR,1
"PAPAYO,CUESTA",1
TORRE/,1
FLORES/LA,1
"MAQUINA,",1
TORRE/BO,1
"SANTANA,CAM",1
GUARAS-,1
MIN.,1
BAJOS/SOLARES,1
SUSUA/,1
BO.SANTANA,1
38.3BO,1
"PENON,SECT",1
H.RE,1
Sant.,1
"CANTERA,",1
"ISRAEL,",1
/CAM,1
ALTO/CNO,1
ALTO/MORCELO,1
BAJO/PARC.CANEJAS,1
PASTANA/MORC,1
CUPEY/CAMINO,1
MONACILLOS/TIERRA,1
H.Re,1
2.0,1
#273,1
AVE.DE,1
"DIEGO,FTE.AVE.BARBOSA",1
ISRAEL**VER-15-12**,1
JOSE/CASA,1
"BITUMUL,",1
VIST.SANTUR,1
P/USO,1
"CONTRERAS1,CAIMITO",1
"317,CUPEY",1
"PIEDRAS,CUPEY",1
"BIGIO,CAIMITO",1
BO.QUEB.ARENAS,1
PIEDRAS-CUPEY,1
LOTE-5,1
CUPEY/WALK,1
ESQ.BRAZIL,1
OBRERO/VILLAS,1
ARENAS/PARACOCHERO,1
"BROTHERS,",1
"JURUTUNGO,",1
"OBRERO,",1
BO.CAIMITO,1
"ALTO,LOS",1
ALTO/ARENAS,1
BAJO/SEC,1
CAIMITO/LOS,1
"MARIA,BO",1
BAJO/URB,1
PLAZA/BO,1
"MARESUA,URB",1
ALTO-CNO,1
CAROLINA/BO,1
"CAROLINA,DUEY",1
VALLE/MINILLAS,1
3-201,1
"ABAJO,COTO",1
BO.GUAMA,1
BO.MINILLAS,1
/PIN,1
TORRES-EL,1
MENDEZ/ROSARIO,1
NAZARIO/MINILLAS,1
PADILLA/BO,1
COLON-HOCONUCO,1
INTER.,1
-MARESUA,1
RECREO-AREAS,1
SAUCES-HOCONUCO,1
"MONTE,BO",1
FINAL-BO,1
MONTEBELLO/CUESTA,1
VALLE-MINILLAS,1
CABRO/,1
/BAJOS,1
PEDREGAL/HOCONUCO,1
"ALTO,SECTOR",1
ENEAS/CALLEJON,1
"ENEAS,SECT",1
COLLADO-ROSARIO,1
PEDREGAL/BO,1
"HACIENDITA,",1
ROCIO/RESD,1
ARENAS-BOQUERON,1
REAL/MIRADERO,1
KUMAR-MIRADER,1
B-7,1
A-18,1
"SAMAN,",1
SALINAS/,1
"AIME,MONTE",1
REPTO.OLIVERAS,1
"ALTA,CJN",1
BELVEDERE/BO,1
COROZO/BOQUERON,1
MENDEZ/BO,1
GIRASOL/MIRADERO,1
"PERROS,",1
MORALES/SECT,1
RESORT/COMBATE,1
R-784,1
II/R-268,1
BAIROA/GUASABARA/URB,1
PROL.,1
R-239,1
25/ANIBAL,1
/ALT,1
BEATRIZ-CALLE,1
3/ACCESO//,1
BEATRIZ-LAS,1
BEATRIZ-LOS,1
BEATRIZ-SECT,1
ALICIA/SECT,1
E-67,1
MARTY/BO,1
"MAR,BELVEDERE",1
TAINO/SOLAR,1
AA-7,1
AA-3,1
Jard.,1
PEDERNALES/COND.CAYO,1
QUENEPOS/PEDERNALES,1
LUGO-GUANAJIBO,1
MORALES/VILLA,1
"OLIVERAS,PARABUEYON",1
ITALIA/MIRADERO,1
7.2,1
15.8,1
8.6,1
ZAPATA/LLANOS,1
"RADI,ESQ",1
MARTINEZ/PEDERNALES,1
SOSA/LLANOS,1
TAMARINDOS/COMBATE,1
GRANDE/VEGA,1
PEDERNALES-LA,1
PEDERNALES/GUANIQUILLA,1
PEDERNALES/SECT,1
REAL/PARC,1
"BO.BOQUERON,SEC",1
FLAMBOYAN/PARC,1
BO.LLANOS,1
BO.MIRADERO/SECT.BELVEDERE,1
BOQUERON/BOQUERON,1
BOQUERON/CMNO,1
BOQUERON/LAS,1
RESORT/ALMENDRAS,1
RESORT/EDIF,1
SOL/PUNTA,1
TUNA/CMNO,1
SALINAS/COMBATE,1
MIRADERO/,1
GRANDE/CANTERA,1
193-B,1
"ARENAS,SOLARES",1
UNION-PEDERNALES,1
SEREN.,1
-CARR,1
FARO-,1
E/B,1
CANO-COMBATE,1
MILAGROS-BOQUERON,1
"BEATRIZ,LOS",1
"BEATRIZ,PANES",1
"BEATRIZ,PINAS",1
SALVADOR/LA,1
S/HATO,1
SALVADOR-SECTOR,1
"SALVADOR,HATO",1
"SALVADOR,SEC",1
B.ATRAVESADA,1
SALVADOR/HATO,1
SALVADOR/SECT,1
ANTONIO/SALCHICHON,1
/MACANEA,1
1/LOS,1
1/RUTA,1
2/EL,1
II/EL,1
ANTONIO/SECTOR,1
ANTONIO/LUCY,1
MESA/AL,1
ARENAS-CAMPO,1
MESA/R-252/LADO,1
MESA/SEC,1
HORMIGAS/SEC,1
11-SECT,1
II/LOMAS,1
ARENAS/CAM,1
R/CANAS/SECT,1
R09-244,1
GUASABARA/R-240,1
"CANAS,LA",1
CANAS/DEALER,1
CANAS/LA,1
CANAS/SECT,1
"CASTRO,BUENOS",1
BO.CANABONCITO/BACHICHE,1
SECT.ESTERAS,1
ARRIBA(SEC.,1
"1,CAGU",1
"BO.BEATRIZ,",1
BO.BORINQUEN,1
PRADERAS/PARC,1
BO.CANABONCITO,1
BO.CANABONCITO/LOS,1
"CASTRO,NARANJITO",1
BO.CANABONCITO/SECT.LA,1
BO.GUASABARA/SECT.LOS,1
ALTA/CALLE,1
BO.NARANJITO/SEC,1
BO.SUMIDERO/SEC.LA,1
VEGA/R-228,1
BO.TOMAS,1
"CASTRO,MACANEA",1
CA¬ABONCITO/URB,1
BORINQUEN/ATRAVESADA,1
CASTRO/C-LA,1
CASTRO/CALLE,1
CASTRO/RTA,1
CASTRO/SEC.MACANEA,1
CASTROSEC.MACANEA,1
"ARRIBA,PANADERIA",1
"ARRIBA,SEC",1
ARRIBA/EL,1
ARRIBA/R-101,1
CANABONCITO/SOBACO,1
TURABO-SECTOR,1
TURABO/,1
TURABOSECT.,1
MESA/CALLE,1
MESA/15-12,1
BEATRIZ/FINCA,1
BORINQUEN/COLINA,1
BORINQUEN/NARANJITO,1
BORINQUEN/NO,1
BORINQUEN/RIO,1
BORINQUEN/SEC,1
BORINQUEN/VILLAS,1
BORINQUEN/CALLE,1
ABON.SECT.,1
CA&ABONCITO/,1
CA&ABONCITO/BUCANA,1
CA¬ABONCITO/SECT,1
MACANEA/PAR,1
"BORINQUEN,PARC",1
BEATRIZ/RTA,1
BEATRIZ/SEC,1
PINA/RTA,1
BEATRIZ/SECTOR,1
BEATRIZ/STR,1
/ATRAVESADA,1
/PRADERA,1
"BORINQUEN,ATRAVEZADA",1
MACANEA/COM,1
SEC/ATRAVESADA,1
BORINQUEN-MACANEA/BETHZAIDA,1
BORINQUEN-MACANEA/PADRE,1
BORINQUEN-NARANJITO,1
BORINQUEN-SECTOR,1
BORINQUEN-VILLA,1
"BORINQUEN,ATRAVESADA",1
"CANABON,LA",1
CANABON/,1
"ATRAVESADA,FRENTE",1
HATO-SAN,1
HORMIGAS/SEC.LOS,1
HORMIGAS/SECTOR,1
HORMIGASSEC.LOS,1
CANABON/SECTOR,1
BARRA-LOS,1
BARRA-REF,1
CHANGA/SANDRA,1
GUASABARA/460-1546,1
CANABONCITO/TURABO,1
CANABONCITO/SET,1
HORMIGAS//R-270,1
HORMIGAS/R-263,1
R24-263,1
CANABONCITO-LA,1
CANABONCITO-LOS,1
CANABONCITO-MUNDO,1
VELAZQUEZ-,1
"CANABONCITO,BACHICHE",1
"CANABONCITO,HORMIGAS",1
"CANABONCITO,LOS",1
"CANABONCITO,SECTOR",1
CANABONCITO/APTO,1
CANABONCITO/LAS,1
CANABONCITO/MONTE,1
CANABONCITO/R-258,1
CANABONCITO/R-264,1
CANABONCITO/R-266,1
CANABONCITO/SALOME,1
CANABONCITO/SEC.LOS,1
GLEZ.,1
SANCHEZ/ENTR,1
"ALDEA,SECTOR",1
SECT.VERGARA,1
MINILLAS-LAS,1
MINILLAS/,1
MINILLAS/ANDRIAN,1
MINILLAS/DRCTOR,1
MINILLAS/REPARTO,1
NUEVO-SECT.GASCOT,1
NUEVO/MARBELLA,1
GORDO/SECT.LOS,1
GORDO/STGO.ROSARIO,1
DAJAOS/CABRERA,1
DAJAOS/LA,1
DAJAOS/SEC,1
RI-ITO,1
ABAJO/KUILAN,1
ARRIBA/TIO,1
RIOS/PENA,1
GUARAGUAO/SET,1
GUARAGUAO/TIO,1
NUEVO/,1
NUEVO/SEC.JESUS,1
MIRADERO/SECT,1
BO.NUEVO,1
NUEVO/EL,1
VISTA/SEC.SABANA,1
GORDO/SEC.LOS,1
BO.MINILLASSECT.LA,1
BO.MINILLASSECTOR,1
BO.NUEVOSECT.FERNANDEZ,1
BO.STA,1
OLAYASECT.LOS,1
BUCARABONES/,1
VISTA-SECTOR,1
NUEVO/SECTOR,1
PAJAROS/SECT,1
OLAYA/,1
D.,1
OLAYA/APTS,1
OLAYA-SECT.,1
GORDO/EL,1
ARRIBA--PALMARIT,1
BARRANCAS-SECT,1
CANABON----LA,1
QUEBRADILLAS---ERMITA,1
BO..PULGUILLAS-GUAYABO,1
BO.QUEBRADILLAS-GS,1
E-6,1
HELECHAL------LAS,1
"QUEBRADILLAS,SECTOR",1
GORDO/CAM,1
GRANDE-LOS,1
QDA.GRANDE,1
"QUEBRADILLAS,SEC",1
QUEBRADILLAS--ALTOS,1
QUEBRADILLAS--HOTEL,1
QUEBRADILLAS-BROMELIAS,1
QUEBRADILLAS-LAS,1
QUEBRADILLAS-LOS,1
QUEBRADILLAS-ORQUIDIAS,1
HINCAD-LA,1
HINCADO-----LA,1
SEC.SABANA,1
CALL.ESPINOSA,1
VISTA-PAR,1
VISTA/,1
VISTA/CAMINO,1
VISTA/FLOR,1
VISTA/PARC,1
"B2,URB.SANTA",1
"ROTO,",1
GRANDE-GS,1
HDA.MARGARITA,1
GRANDE-LA,1
GRANDE---LOS,1
GRANDE/HOYA,1
QUEBRADILLAS-SECT,1
QUEBRADILLAS/FARALLON/RUTA,1
QUEBRADILLAS/LA,1
A-52,1
C-32,1
BQTAS-BARRANCAS,1
"SIERRA,",1
3-D,1
VISTA//,1
VISTA/CAM,1
VISTA/OCASIO,1
CQ90-06290,1
TAINA/BO,1
WARSEL/BO,1
BELLASTA.,1
ASPIRINAS/BO,1
TAINA/MINILLAS,1
SECT.SEGUNDO,1
"NIEVES,BO.STA.OLAYA",1
CQ88-00921,1
VERDES/SECT,1
AVENTURA/BO,1
VERDES/4TA,1
VERDES/BASE,1
BOQUERON/URB,1
COMBATE/CALLE,1
"GUANAJIBO,SECT",1
GUANIQUILLA-BUYE,1
GUANIQUILLA-LOMAS,1
GUANIQUILLA-PLAYA,1
/SECT.,1
TUNA-EL,1
"MIRADERO,",1
BOQUERON/COMBATE,1
"BOQUERON,",1
BOQUERON-SECT,1
K3.8,1
Urb.Santa,1
URB.SIERRA,1
"SCOY,",1
"WARSEL,",1
BOSQUE/,1
BOSQUE/DE,1
BOSQUE/LAS,1
BAJURAS-COQUI,1
"MULERO,SANTA",1
MORENITA/BO,1
VISTA/SABANA,1
"PRIMAVERA,",1
"A,B,C",1
COND.LAS,1
CASIANO/VILLA,1
DAJAOS/RIITO/CAMINO,1
RIITO/CAM,1
DAJAOSSEC.RIITOCAMINO,1
"PLAZA,HATO",1
LLANOS/STA,1
/JARDS,1
"QUIJOTE,",1
SECT.GOVEO,1
"CRUZ,CERRO",1
"174,",1
GORDO-SECTOR,1
ARBORADA-EDIF,1
GORDO/CAMINO,1
GORDO/HERNANDEZ,1
GORDO/MONTANEZ,1
GORDO/MONTANEZ/CAM,1
87-00545,1
92-00769,1
II/ESQ,1
/ADRIAN,1
HILLS/STA,1
AMERICANO/URB,1
"PAJAROS,",1
SANCHEZ/BO,1
SCOY/VIA,1
"RIVERA,",1
SABANA/BUENA,1
OLAYA/CAMINO,1
OLAYA/COLLORES,1
H-TEJAS,1
"MONTANEZ,",1
5.6,1
ARR/ANTE,1
GUARAGUAO/CAMINO,1
GUARAGUAO/CHORRERA/CAM,1
GUARAGUAO/SANCHEZ,1
/ABRA,1
ASENCIO/SECTOR,1
3.7,1
TERRACE-PSYCOL,1
#35,1
CRESPO/VER1512,1
YEGUADA/PALMARITO,1
YEGUADA/SECTOR,1
ZANJAS/CAMINO,1
ZANJAS/CAR,1
ZANJAS/PIPO,1
YEGUADA/BAJURA,1
ZANJAS/REPARTO,1
ZANJAS/VIEQUES,1
#130,1
AAA-EBA,1
YEGUADA/CAJIGAS,1
QUEBRADA/LEGARRETA,1
PUENTE/ZARZA,1
PUERTOS/,1
QUEBRADA/SANTIAGO,1
"BELLO,BO",1
"BS,SORONDO",1
VEREDAS-BO.,1
VEREDASBO.,1
VEREDAS/BO,1
PUENTE/MEMBRILLO,1
PUERCO-CAMPO,1
"CUBUY,",1
SOLA/SECT,1
CAMBALACHE.SECT,1
SANTA/LA,1
CUBUY/MARINES,1
CAMBALACHE-SEC,1
SEC.PENONES,1
RICO-FINCA,1
"RICO,",1
RICO/,1
COLES/QUEBRADA,1
LOIZA/ANTES,1
CAMBALACHE/CAM,1
CAMBALACHE/LOS,1
RICO/TOMA,1
PTE.CEDROS,1
PUENTE/PICA,1
PUENTE-ZARZA/CERCA,1
YEGUADA-CAMINO,1
YEGUADA-MEMBRILLO,1
YEGUADA/CALLE,1
YEGUADA/CORDERO,1
ZANJAS-SECT,1
ZANJAS/LOS,1
ZANJAS/PARC,1
#45,1
ZANJAS/SECT.VEGA,1
"CIBAO,",1
BOPUENTES/LASVERDEASDECAMUY,1
BOPUENTES/LASVEREDAS,1
"123,BO",1
-SECT.PALMARITO,1
PUENTE/SECT.,1
PUENTES-SECT,1
PUERTO/SECTOR,1
PUERTOS/RINCON,1
QUEBRADA-,1
QUEBRADA-STGO,1
"QUEBRADA,FINCA",1
FTE.P.NUEVAS,1
"QUEBRADA,RIVERA",1
"QUEBRADA,SANTIAGO",1
"QUEBRADA,SECT.FIGUEROA",1
ALEGRE/SANTO,1
IGL.,1
MEMBRILLO/URB,1
L-8,1
CAMUY/BO,1
VEREDAS/SAN,1
JOSE/PUENTE,1
MEMBRILLO/ESTANCIAS,1
MEMBRILLO/LAS,1
MEMBRILLO/PALMARITO,1
MEMBRILLO/PASEO,1
ARRIBA/PALOMA,1
137-A,1
"118,SECT",1
150-C,1
GORDA/EL,1
"VICTORIA,",1
H-8,1
H-5,1
ARRIBA/PIQUINA,1
ARRIBA/SABANA,1
CIBAO-SECTOR,1
CIBAO/CUCHILLAS,1
CIBAO/PARC.,1
CIBAO/SOLLER,1
CIENEGA/CAMUY,1
CIENEGA/SECT,1
"PUENTE,PARCELAS",1
D-22,1
/CUBUY,1
"BENITEZ,",1
PRIETA/,1
LAG.GARDENS,1
"GAVIOTAS,",1
MILENIO/AREAS,1
"BLANCA,",1
SERENA-TORRE,1
VISTA/BO,1
"RAMOS,BO",1
CARRUZO/LAS,1
"GDNS,GASOLINERA",1
"PR,",1
COMUNAL/BO,1
DEP.,1
RO.,1
COMER.,1
"GDNS,LOS",1
RESBALON/SAN,1
"SYSTEM,CANOVANILLAS,",1
ABAJO/GARAGE,1
00913-0000,1
"SECCION,",1
J.SOSA,1
"ANGELES,BO",1
METROPOLIS/CHALETS,1
BO.CANOVANILLA,1
"HERRAJES,",1
-A-,1
"VILLA,",1
"CACAO,",1
PARQUE/ESCORIAL,1
VILLAGE/BO,1
"ISIDRO,",1
PARQUE-ESCORIAL,1
ANDALUCIA/WALK-UPS,1
12.2,1
"INGLES,",1
BARRAZAS/,1
BARRAZAS/CAMINO,1
BARRAZAS/CUESTA,1
BARRAZAS/CUETA,1
BORINQUEN-LA,1
VIENTE/EL,1
"AGUA,BO",1
ESTANCITA/PALMA,1
MARINES/CUBUY,1
"CONDERSA,",1
"HOYO,",1
"TIRO,",1
/PUEBLO,1
ALTA-LA,1
HACIENDAS/CAMPO,1
CRUZ/VILLA,1
CEDROS-SEC,1
"CEDROS,SECTOR",1
CEDROS/SEC,1
IP-187,1
CRUZ-SECT,1
CRUZ-SECTOR,1
CRUZ-SJ,1
CRUZ/CAR,1
BAJA/PINONES,1
92-01013,1
BO.CARRUZO,1
BO.CEDROS,1
R-586,1
RTA/516,1
RL-596,1
CARRUZOS/TIERRA,1
"CACAO,CALLE",1
CANOVANILLAS/LAS,1
CANOVANILLAS/SEC,1
CANOVANILLAS/SECT,1
CARRUZO/SECFLOR,1
PUENTE/SALSA,1
PUENTE/LOS,1
/CANABONCITO,1
PROGRESO/ED,1
D/AREAS,1
CHANGA/M/VERDE,1
ARENAS/MONTEVERDE,1
R-207,1
JOSE-CA,1
/GAZEBO,1
JOSE-CANABONCITO,1
REPTO.CAGUAX,1
RESID.,1
BAIROA/PISO,1
CA¬AS/SECT,1
CANA/SECTOR,1
II/AI,1
CANAS/CALLE,1
ABONCITO-PARCELA,1
PRADOS/ISLA,1
PRADOS/ISLABELLA,1
PRADOS/LA,1
CANABONCITO/CALLE,1
CAROLINAS/PARC-233,1
GRILLO/SECT,1
PUENTE-ZARZA,1
KICOS.BO.SAN,1
SECT.MONTEVERDEQDA,1
SECT.TAMARINDO,1
T.DE,1
SECT.HATO,1
"BAKER,S",1
CASTRO/EL,1
-/LA,1
1/BUENOS,1
2/LEGALIZAR/,1
HDA.,1
"ARRIBA,SAN",1
LOMITA/TOMAS,1
GLANCE/CANABONCITO,1
APT/TOMAS,1
ANTONIO/JORGE,1
DIAZ/ANGELIN,1
ANTONIO/SALCHICHON/R-246,1
SALVADOR/STR,1
SALVADORSEC.MARACAL,1
CUCHILLA/BO,1
"MACANEA,BO",1
"SEC.LAJITA,BO.T.",1
"SEC.NARANJITO,BO.BORINQUEN",1
ASOMANTE/HAC,1
PRADOS/,1
PRADO/COND,1
"EDEN,LA",1
GARDENS/ALTOS,1
ISLABELLA/LOS,1
TOKIO(041-78),1
COND.PASEO,1
MODERNO-POLLO,1
5/APT,1
6/COND,1
PUEBLO/ESQ,1
ALONSO/BAJOS,1
CANABONCITO/LOS,1
"CORREA,BO.BORINQUEN",1
CENTRO/CANO,1
ATRAVE/LOMAS,1
"BORINQUEN,VALLEY",1
CA¬ABONCITO/LOS,1
CAABONCITOSECT.PAJILLA,1
CANABON/POZO,1
/HORMIGAS,1
ARRIBA/COBRAR,1
ARRIBA/CURVA,1
CANABONCITO/CHEO,1
NIEVES/R-262,1
"AVEJAS,BO.BEATRIZ",1
FELO/EL,1
CHANGA/MONTE,1
CHANGA/SECT,1
ESTANCIA/HACIENDA,1
CANAS/R-243,1
ESQ.CELIS,1
CAROLINAS/VILLA,1
"VIENTO,BORINQUEN",1
BARRA/DON,1
63-A,1
BARRA/,1
"ATRAVESADA,DESP",1
SIERRA/CALLE,1
2B9/R-266,1
BAIROA/RUTA,1
TURABO/RUTA,1
II/LOTE,1
SIERRA-CANABONCIT,1
RT-227,1
EXT.EL,1
GN-RESERVA,1
JOSE/SURENA,1
JOSE/SURE¬A,1
"HACIENDAS,BORINQUEN",1
ARBOLADA/RUTA,1
I/2,1
I/CALLE,1
HONDA/MATOJILLO,1
4TA/DOBLE,1
REY/APARTAMENTO,1
REY/ESQ.MUNOZ,1
"SAURI,CALLE",1
SAURI/BO,1
SAURIBO/BORINQUEN,1
HONDA/IGLESIA,1
/4TA,1
ESTRELLA/PUENTE,1
SECT.CANTA,1
HONDA-CARBONES,1
HONDA-LOS,1
HONDA/LOS,1
/MIRADOR,1
R-406,1
URB.LAKE,1
SAURI......RTA/480,1
URB.BAIROA,1
URB.BORINQUEN,1
URB.CAGUAS,1
URB.CAGUAX,1
URB.EXT.VILLA,1
URB.GOLDEN,1
URB.IDAMARIS,1
URB.LA,1
RL-269,1
URB.PALMAS,1
URB.RINCON,1
WALK-UPS,1
W/U,1
PARK/GUASABARA,1
CARIBE/HDA,1
VERDE//R428,1
COQUI/VEC,1
MEMBRILLOEST.MEMBRILLO,1
GORDA/CAMUY,1
ARRIBA/JARDIN,1
GORDA/OJO,1
PUEBLO/URB,1
5.5,1
PUENTE-LAS,1
PUENTE-SEC,1
MEMBRILLO/VISTA,1
MEMBRILLO/LOS,1
MEMBRILLO/ESTANC.MEMBRILLO,1
ARRIBA/PASCUAL,1
CIBAO/EL,1
CIBAO/LUGO,1
CIENEGA/FORO,1
CIENEGA/LA,1
GUAJATACA/SECTOR,1
MEMBRILLO-BAJURA,1
MEMBRILLO-LAS,1
"MEMBRILLO,",1
MEMBRILLO/EST,1
MEMBRILLO/EST.MEMBRILLO,1
MODERNO/R-223,1
"VALLEY,SOLAR",1
NORTE/R-226,1
CAGUAX/15-12,1
GARDENS/R-019,1
BAIROA/R-238,1
MODERNO/R-022,1
DELGADO/R-213,1
DELGADO/R-216,1
R-488,1
"II,CAMINO",1
II/V.,1
P-1,1
CASTRO/LEGALIZAR*DEP/,1
CASTRO/SEC,1
CASTRO/SECTOR,1
PARK/R-234,1
CLUSTERS/R-200,1
CLUSTERS/R202,1
VALLEY/GUASABARA/R-240,1
UB.,1
ASOMANTE-HACIENDA,1
PARK/R-032,1
MERCADO-APARTAMENTO,1
ARBOLADA/R-268,1
SERRANIA/R-500,1
TURABO/ACCESO//,1
UI/,1
GARDENS/LEGALIZAR/,1
VALLEY/BO,1
TOLIMA/R-201,1
TOLIMA/R-202,1
BLANCA/APT,1
BLANCA/BAJOS,1
BLANCA/R-228,1
BLANCA/VER,1
CRIOLLOS/R-213,1
ORO/REST,1
GARDENS/CASO,1
2DA.,1
-BAJOS-,1
MARIOLGA/AVE,1
MONTEFIORI/CASETA,1
GARCIA/RTA,1
JOSE/CANABONCIT,1
JOSE/CANABONCI,1
BAIROA/R-236,1
ALFONSO/LOCAL,1
JOSE/SECC,1
ESTATES/R-242,1
HINCADO/PARC,1
ALTO-REPTO,1
ALTO/SOLAR,1
BORINQUEN/URB,1
BAJO/BERNABE,1
/CAPILLA,1
/CARRETERA,1
CAMACEYES-LADO,1
BORINQUEN/PLAYUELA,1
CAMASEYES/LOMAS,1
BORINQUEN/**VER,1
CAMASEYES/CALLE,1
MAMEY/PLAN,1
CORRALES/ESTANCIA,1
CORRALES#5,1
/ROTULOS,1
CUCHILLAS/CJN,1
CAMASEYES/URB,1
BAJA/APTS,1
ARENALES/VISTA,1
ARENALES/SECTOR,1
BO.GUANIQUILLA,1
PARC.MATIAS,1
PARC.NOVOA,1
LAGUNA/JUNIOR,1
BLACAS/GUAVAS,1
BLANCAS-,1
BLANCAS/CHUCO,1
BLANCAS/CLOTILDE,1
NARANJO/SOL,1
ARENALES/SECT,1
MARIAS/LOMA,1
MAMEY/SOLARES,1
CABAN.,1
"MARIAS,",1
SCREENS/,1
MARIAS/ACEVEDO,1
MARIAS/CERCA,1
MARIAS/ENTRADA,1
MARIAS/LALO,1
GRANDE-8804,1
GRANDE-9442,1
GRANDE-9457,1
/APTO,1
GRANDE/MATIAS,1
ARENALES/PASEOS,1
ARENALES/REPTO.,1
RAMEY/,1
AGUACATE/,1
/BRISAS,1
6.9,1
SEC.GREGORIO,1
RODG.BO.ATALAYA,1
TABLONAL/COMUNIDAD,1
TABLONAL/NICIO,1
URB.EXT.JADES.,1
E-14,1
Y/,1
"AGUACATE,SECT",1
AGUACATE/SOLARES,1
AGUACATE/VILLA,1
CTAL.,1
"NUEVA,MUELLE",1
ALTIERY/PRECIOSA,1
BARRETO/CEIBA,1
L-1,1
ALTA/CASITAS,1
ALTO/REICHARD,1
COM.SAN,1
ANTONIOFTE.,1
PAR.354,1
MAR/BORINQUEN,1
SOL/AVE,1
CORRALES-CARPA,1
CORRALES/,1
CORRALES/JDNS,1
ALTA/MARTINICA,1
MALEZA/DESP,1
BORINQUEN/ENTRADA,1
00604/*VER,1
REF.,1
"EVARISTO,",1
5/BO,1
D-11,1
VERDE/BO,1
ESTEVES/TALLER,1
G-7,1
AMERICAS/,1
M-8,1
P-12,1
"MONTANA,",1
PALMAR/CALLE,1
PALMAR/DETRAS,1
REST.,1
PALMAR/INT,1
H.START,1
JAICOA-CAMASEYES,1
"PALMAR,",1
/APT,1
BORINQUEN-SEC.,1
CAIMITAL-SEC,1
CAMASEYES-SEC.,1
CAMASEYES/CERCA,1
CAMASEYESURB.EL,1
SEC.RICHARD,1
PLAYUELAS/URB,1
ALTO/LA,1
ALTOJADS.VESALL,1
AV.CORAZONES,1
BO.CAMASEYES,1
BO.CTAL.,1
ALTO.-CAM.,1
SEC.AGUACATE,1
/PIROUTTES,1
VICTORIA/MONTE,1
PALMAR-VICTORIA,1
GUERRERO/,1
GUERRERO-*,1
GUERRERO/JDENS,1
ALTA-AGUACATE,1
MONTANA/CAMPO,1
CAMASEYES-REPARTO,1
CAMASEYES/CERRO,1
CAMASEYES/ENTRADA,1
CAMASEYES/LAS,1
CAMASEYES/PASEOS,1
CAMASEYES/URB.PASEO,1
CUPIDOS/BZ36699,1
BAJA/ESTANCIAS,1
FELICIANO/B56747,1
K5.1,1
CRIOLLA/PLAYUELA,1
BORINQUEN/,1
BORINQUEN/EL,1
SEC.LAS,1
CAMACEYES/DETRAS,1
CAMACEYES/PASEO,1
BONITO.,1
MAMEY/PABLO,1
HORIZONTE-BO.,1
ATALAYA-,1
ATALAYA/CASA,1
ATALAYA/SEC,1
ATALAYASECT.,1
SEC.LA,1
GORDO/CONCHO,1
GORDO/HACIA,1
13420/**UIEE**,1
"ASOMANTE,",1
ATALAYA/,1
ATALAYA/CHELE,1
ASOMANTE/AVE,1
ASOMANTE/ENT,1
MAMEY/ENTRADA,1
BAJIO/2NDO,1
BOX-16276,1
BOX-29121,1
BOX-29501,1
BOX-5771,1
GUAYABO/SECTOR,1
GUAYABO/OCEAN,1
"ESPINAL,RIOMAR",1
ESPINAL/SECT,1
ESPINAL/SECTOR,1
GUANABANO/FTE,1
GUANIQUILLA-CARRIZAL,1
GUAYABO-SEC-CASUALIDAD,1
"GUAYABO,",1
GUAYABO/ANTES,1
PELLEJAS-SECT,1
"GONZALEZ,SECT",1
PICA-SECT,1
-SILLA,1
LIMANI-SILLA,1
PELLEJAS-PARC,1
PORTILLO-SECT,1
PORTUGUEZ-SECT,1
SALTILLO-ALTO,1
SALTILLO-LOS,1
"TANAMA,PARCELAS",1
TANAMA/LA,1
GARZAS-SECT.,1
BANDERA/BO,1
CASTANER-SECT,1
GARZASSECT.,1
-CUESTA,1
GUILARTE-CUESTA,1
GUILARTE-SEC,1
GUILARTE-SECT,1
GUILARTE-TITULO,1
V-#18,1
YAH.,1
URBANO-PARCELAS,1
ARRIBA-LOMA,1
PORTUGUEZ-SECT.,1
SALTILLO--VILLA,1
"SALTILLO,",1
GORDO*15-12*,1
BO.GUANABANOS,1
SEC.PITO,1
BO.MAL,1
SEC.VILLARUBIA,1
SEC.GUABAS,1
"BLANCAS,CHUCO",1
BOJAGUEY/SECT,1
GORDO/GARCIA,1
BO.ESPINAL,1
GORDO/LADO,1
GORDO/REF,1
CO.CRUCES,1
CRUCES/,1
BO.GUANABANO,1
SEC.RUFINO,1
BLANCAS/BAJURAS,1
BLANCAS/LAS,1
PUEBLO/DETRAS,1
PUNTAS/SEC,1
GRANDE-9336,1
GRANDE-9488-3,1
GRANDE/PARC,1
GRANDE/SECTOR,1
GUAYABOSEC.,1
BO.ASOMANTE,1
SEC.RREPTO.BONET,1
SEC.GALICIA,1
SEC.NINO,1
SEC.ZONA,1
ESPINAL-SECT,1
LAGUNAS/CARLOS,1
JAGUEY/CRUCES,1
LAGUNA/,1
LAGUNAS/,1
LAGUNAS/GRAN,1
ESPINAL/,1
PASO/RF,1
ARENERO/,1
/INT,1
MAMEY/CORDERO,1
"23,",1
CHIQUITO/CAR,1
2001-01805,1
ESPINAL/EL,1
GUANABANO/,1
GUANABANO/SECTOR,1
GUAYABO/,1
GUAYABO/BAJURAS,1
GUAYABO/CASUALIDAD,1
GUAYABO/PARC,1
GUAYABOEDIF.,1
BAJIO/,1
BOX-1002,1
BOX-13670,1
BOX-13698,1
BOX-2149/GABINA,1
BOX-2963,1
BOX-2964,1
JAGUEY/PASEO,1
LAGUNA/SECTOR,1
JAGUEY/VILLAS,1
S.U,1
JAGUEY/FTE,1
SEC-CASUALIDAD,1
LAGUNAS/SECT,1
/MARNIER,1
5629/EL,1
MARIAS/SECTOR,1
BOX-2991,1
BOX-3023,1
PASO/SECTOR,1
MALPASO/**VER,1
HINCADO-PINONAS,1
"PABLO,",1
ISLOTE/,1
CANOS-JUAN,1
ARECIBO-FACTOR,1
"MANANTIALES,",1
MIRAFLORES-PARC,1
"MIRAFLORES,",1
MIRAFLORES//,1
"MONTANA,COMBATE,SABANA",1
VIEJO/,1
"CALICHOSA,",1
H-,1
"REGIONAL,",1
"H.ARRIBA,EL",1
"JUNCO,URB.LOS",1
SECT.IGLESIA,1
"ABAJO,CHALET",1
ABAJO/CHALETS,1
ABAJO/MONSERRATE,1
VIEJO-LA,1
ARRIBA-BARRANCA/EDIF,1
5-4,1
"ARRIBA,NAVAS-EL",1
ARRIBA/JARDINES,1
ARRIBA/JUNCOS,1
EDIF.PLAZA,1
"VERDE,PALACHE,BAJADERO",1
-EL,1
AV-8,1
"HOYOS,SECT.ROMAN",1
HOYOS/MONTANA,1
DANIEL-ATLANTIC,1
"DANIEL,EDF.MR.MOFONGO",1
"I,RIOS",1
"INT,",1
A-ES,1
MIRAFLORES-PALO,1
PAR.PALO,1
"BLANCO,MIRAFLORES",1
"ESMERALDA,H.ABAJO",1
ARRIBA-BACUPEY,1
HOYOS/SECT,1
SAB.HOYOS,1
ABAJO/BARRANCA/VILLAS,1
"MANATIALES,SAB.HOYOS",1
C.LEDESMA,1
"970,BO.OBRERO",1
CE.NEG.LA,1
ULT.COPA,1
EXT.MARISOL,1
TANAMA-ABRA,1
"15,",1
"A.M.MARIN,HATO",1
"BARBOSA,ESQ.AVE.HOSPITAL",1
"GRANOLA,SAN",1
CANDELARIA-BALLAJA,1
CANDELARIA-URB,1
ABAJO/ARECIBO,1
GARROCHALES/,1
"ISLOTE,BOAM",1
"ARRIBA,ENT.LA",1
"ARRIBA,LAS",1
ARRIBA/HIGUILLAR,1
VIEJO-SEC,1
SEC-PIQUINA,1
ISLOTE-CALLEJON,1
ISLOTE/CARACOLES,1
"SANTANA,EL",1
MIRAFLORES/SECTOR,1
"QUEBRADA,SECT.SORONDO",1
S.HOYOSARROZAL,1
HOYOS-MONTAÑA,1
SANTANA-PASEOS,1
EDF.APTOS,1
"OCEANIA,ISLOTE",1
ESTREMERA/BARRANCA,1
"1,PASTRANA",1
I/JARDINES,1
II/ESPINO,1
FACTOR/COMUNIDAD,1
DOMINGUITO/SECT,1
"CARRERAS,SECT.JAGUAR/CONSEJO",1
PUB-ZENO,1
"ATLANTIS,SAN",1
CORCOBADO/LAS,1
**15-12*,1
/BOQUERON,1
A-90,1
DOMINGUITO/,1
"CANELAS,BO",1
"SECT.MONTANA,SABANA",1
AFUERA/SECTOR,1
GARROCHALES-ANTIGUA,1
GARROCHALES-PASO,1
LLANADAS-SECTOR,1
-B,1
PALMA-BZN,1
NUEVAS-PUNTA,1
VIEJA-PUNTA,1
PTA.,1
PARC.TIBURON,1
LOARTE-GARROCHALES,1
BLANCO/RIACHUELO,1
AFUERA/LLANADAS,1
PALENQUE-EL,1
URB.CITY,1
ALTAS-SECT,1
"ALTAS,",1
7-LAS,1
BLANCO/SEC,1
PALMAS-SECTOR,1
HELECHAL-PAR,1
//LA,1
CANABON-CUBA,1
CANABON-SECT,1
"CANABON,",1
"CANABON,SEC.LA",1
HELECHAL-ENT,1
HELECHAL-GA,1
HELECHAL-PARCELA,1
INT-SECT,1
HELECHAL-PARCELAS,1
HELECHAL-SAN,1
HELECHAL-SECT,1
HINCADO-GS,1
HINCADO-LA,1
B-12,1
A-11,1
F-,1
MATOS-BO,1
UBB.,1
PARADISE/SEC,1
"ORO,",1
FRANCISCO/BO,1
BARRANCAS-PALMARITO,1
BARRANCAS/,1
ISLOTE/SECT,1
GARROCHALES/SECT,1
"AIRES,",1
"AIRES,HATO",1
FLAMBOYANES/CANDELARIA,1
CUMBRE/,1
"URB.ATLANTIS,SAN",1
"TOLEDO,H.ARRIBA",1
"AIRES,EL",1
"JUNCO,H.ARRIB",1
URB.VISTAMAR,1
"STATE,FACTOR",1
TANAMA/KM.,1
S.H,1
"VIAFARA,",1
SH/,1
BALLAJA/APT,1
TANAMA-HIGUILLALES,1
TANAMA/CARR,1
TANAMA/EL,1
ALTAMIRA-BO,1
"GARCIA,ARECIBO",1
"ARECIBO,",1
01-06-88,1
ARROYO/BO,1
TOSAS/CASA,1
30-A,1
SECT.ALGIBE,1
GARRAPATAS-TRINIDAD,1
11/BDA,1
PALMAS/SECT,1
BO.GUASIMAS,1
GARROCHALES-FACTOR,1
VILLISLA-BIAFARA,1
ENTRA.,1
JACANAS/A,1
PALMAS/PARCELAS,1
PALMAS/PASTOS,1
108-D,1
/PALMAREJO,1
YAUREL/PARALELO,1
YAUREL/SECT,1
PITAHAYA/LAS,1
SEC-LA,1
ABAJO/URB,1
VIEJO/MADRIGUERA,1
MULITAS/R,1
MULAS/LAS,1
ORQUIDEAS/CARLELLA,1
ALVELO/LOS,1
PAJILLAS/BO,1
SOLA/BOMBA,1
VIEJO/ENT,1
"CHARCA,BO.MULAS",1
CORUJAS-BO,1
MINILLASBO.,1
"VERDE,CAR7",1
152)041-48,1
SONADORA/DESP,1
SONADORA/JAGUEYES/BDA,1
-MULITAS,1
PEREZ/LAS,1
JACANAS/R-208,1
MULITAS/SECT,1
/RTA,1
SUMIDERO/SEC,1
BO.BAYAMONCITO/,1
BO.JAGUEYES,1
BO.JUAN,1
BO.MULAS,1
BO.MULITAS,1
BO.SONADORA/QUINTAS,1
CENTRO/DESP,1
"BRISAS,CAPILLA",1
BRUNOS/CAPO,1
SONADORA/LOS,1
ABAJO/SECTOR,1
LLANOS-EL,1
LLANOSCOL.,1
PASTO-GS,1
PASTO-SOLAR,1
PASTO-VILLAS,1
SIERRA-GS,1
ROBLES-GS,1
ROBLES-SALIDA,1
ALGARROBO--GALLARDO,1
CARRETERA-EL,1
LUIS/BETZAIDA,1
SUMIDERO/STR,1
#3/BO.RABANAL(SE361)/ANTENAS,1
ASOMANTE/LOS,1
ASOMANTE/PRADERAS,1
ASOMANTE/SEC,1
--BAJOS,1
ASOMANTE-GS,1
ASOMANTE-SECT,1
"CAONILLAS,",1
CUYON-SECC,1
CORUJAS/R-207,1
SUMIDERO/SEC.LA,1
AGUSTIN/COQUI,1
BAYAMONCITO/R-212,1
CAGUITAS/APTS,1
CAGUITAS/COL,1
CAGUITAS/R-228,1
CAGUITAS/SEC,1
CAGUITAS/SOTANO,1
"BAYAMONCITO,TIZA",1
ABAJO/SUB,1
JAGUEYES-1FOCO-,1
JAGUEYES-CTR,1
JAGUEYES-PAJILLA,1
JAGUEYES-PEQUENA,1
BAYAMONCITO/R-211,1
"BAYAMONCITO,",1
SUMIDERO/SAN,1
BAIROA/COLIN,1
URB.ESTEVES,1
VIADUCTO-AGUADILLA,1
LISA/QUIEBRA,1
2001-11976,1
MARIN-BO,1
REAL/CAMASEYES,1
HORIZONTE/ARENALES,1
JAGUEYES/R-224,1
BAIROA/SECT,1
BAYAMONCITO/CAM,1
BAYAMONCITO/PARCELA,1
BAYAMONCITO/PUEBLO,1
BAYAMONCITO/SEC,1
"JAGUEYES,LA",1
"MULITAS,SECTOR",1
SONADORA-SEC,1
SONADORA/DR,1
SONADORA/EL,1
SONADORA/R-224,1
JAGUEYES//SECTOR,1
SONADORA/VER,1
SUMIDERO-BAYAMONCITO,1
SUMIDERO-ORQUIDEAS,1
"SUMIDERO,LAS",1
SUMIDERO/,1
SUMIDERO//R-201,1
SUMIDERO/EL,1
JAGUEYES/EL,1
COCO/CHAPARRAL,1
JAGUEYEZ/SECTOR,1
ASCENCIO/SECT,1
041-145,1
ASENCIO-SECT,1
"ASENCIO,EL",1
ASENCIO/LOS,1
ASENCIO/R-215,1
ASENCIO/RIVERA,1
41-158,1
MULAS-SECTOR,1
---EL,1
CAONILLAS---LA,1
PASTO----PASEO,1
NIEVES-BO,1
VALLE/CARRERAS,1
ANASCO/CARACO,1
SALLE/CARRERAS,1
"LASALLE,",1
VALLE/PINALES,1
NIETO-POZO,1
3-B,1
"FCO,SECT.LOS",1
ALTOS-CASA,1
COMUNES/RES.LA,1
COMM.,1
ARRIBA/SOCIALISMO,1
LARGA/SIERRA,1
2/MARIAS,1
HUMATAS/LOS,1
GORDO/LA,1
FERRER-BO,1
ALMIRANTE/BO,1
VERDE/CARRERAS,1
LIBERTAD/PINALES,1
ENCANTADA/MARIAS,1
MARIA/EL,1
ARRIBAS/,1
PINALES/CAMINO,1
PINALES/LA,1
PINALES/SECT,1
PINALES/URB,1
PINALES/URB.,1
HERMANOS/LA,1
ARENALEJOS/,1
1-SEC,1
DOMINGUITO-SEC,1
"DOMINGUITO,CUATRO",1
"DOMINGUITO,SEC.EL",1
DOMINGUITO/SECT.LOS,1
ESPERANDA/CIENEGUETA/PALOMA,1
ESPERANZA-SEC,1
1/CALLEJON,1
"ARROZAL,QUEBRADA",1
PARC.ANIMAS,1
I-SOLAR,1
"ABAJO,FRTE",1
"ABAJO,URB.LOS",1
ABAJO/CARR,1
B-62,1
COLLORAL-SEC,1
"BAJADERO,",1
BAJADERO/ARENALEJOS,1
BARRANCA--HATO,1
FCO-HIGUILLAR,1
ARENALEJOS-SEC,1
BAJADERO-ESTANCIAS,1
CANDELARIA/ST,1
CASEY/,1
CARRERRAS/URB,1
PASTO-SECT,1
ROBLES/RABANAL,1
359-A,1
JATIBONITO-CALLE,1
A-14,1
AIBONITO/LLANOS,1
BELLO-CALLE,1
ROSA-BO,1
TO-RICOS,1
CARRERAS/URB,1
CUYON/,1
A-7,1
J-93,1
CAONILLAS/LA,1
CAONILLAS/LOMAS,1
B-1,1
#51,1
CARACOL/SECT,1
BO.CARACOL,1
CARACOL/SECTOR,1
CAGUABO/,1
CARACOL/MANSIONES,1
CARACOL/VALLE,1
CARRACOL/ENT,1
"CARRERAS,",1
CARRERAS/,1
GORDO/CST,1
-LOS,1
MIRAFLORES/CIDRA,1
OVEJAS/DESPUES,1
PINALES-LA,1
PINALES/U,1
LARGA/CERRO,1
PRADO/MONTONES,1
MAR....RTA/101,1
MAR....RTA101,1
MAR...RTA/101,1
MAR...RTA/104,1
MAR...RTA100,1
SECT.PARAISO,1
BAJANDAS.,1
"BATEY,",1
PARC.VIEJAS,1
CANDELERO...RTA099,1
RIO.BLVD.DEL,1
RIO.,1
R-26101,1
MABU-LA,1
RL-26051,1
RL-26037,1
AB-27,1
MARALAGO.,1
MARALAGO.PALMAS,1
II-CUCHILLA,1
"II,SECT",1
MARIANA-EL,1
SOL/BUENA,1
R-101,1
/26096,1
ABAJO........RTA/093,1
RTA/099,1
RUTA-26025,1
PALOU/26053,1
SUBWAY/SUPERMERCADO,1
RL-26087,1
PALOU**VEA-15-12**,1
RL-26017,1
VIEJO-PARC,1
VIEJO/MUCAROS/RT,1
VIEJOCOM.,1
RL-26005,1
PITAHAYA-ALTURAS,1
RL-26031,1
SANTIAGO-PARC,1
RL-26061,1
18.......RTA/002,1
RTA/26042,1
RL-26018,1
RL-26052,1
TEJAS-JAGUEYES,1
MABU-MONTE,1
ARR.SECTLOS,1
VISTA-PLAYITA,1
"MANGOAL,",1
VISTA.SECTLOS,1
ABAJO-VILLAS,1
ABAJO/VISTAMAR,1
4.,1
RL-26054,1
COLLARES/CAMPO,1
COLLORES-EL,1
"COLLORES,",1
FERMINA-COTTO,1
R-26006,1
FERMINA..RTA/090,1
PITAHAYA.LOTE,1
R-26033,1
"PRIETO,",1
RL-26036,1
R-022,1
II.SECT.VEGA,1
CENTER/QUEENS,1
"ROIG,",1
GREEN/PALMAS,1
ARRIBA.SECT.BOTECITO,1
JUNQUITO-INVASION,1
JUNQUITO-PARCELAS,1
JUNQUITO-PETUNIA,1
JUNQUITO//,1
ESTANCIA-VILLA,1
RTA/108,1
ESQUINAA.LOPEZ.,1
VIDAL..........RTA/116,1
ESQ.DR,1
"GUARDIA,P.D.M.",1
ECUESTRE/PALMAS,1
"CRISTIANA,",1
R-093,1
COLLORES--26086,1
COLLORES-SECT.ANDRONICO,1
AQUABELLA/PALMAS,1
MABU.......RTA090,1
MABU/QUEMADOS/26041,1
TEJAS-ASTURIANA,1
TEJAS-EL,1
R-26018,1
/QUEBRADA,1
GUAYABAL-PASO,1
GUAYABAL-PASTILLITO,1
GUAYABAL/CUEVITAS,1
GUAYABAL/PASTILLO,1
GUAYABAL/PLACITA,1
GUAYABAL/QDA,1
JACAGUAS-,1
JACAGUAS-COM,1
JACAGUAS/LLORENS,1
91-05555-13,1
AGUILITA/PARCELA,1
BEJUCOS/ISLAZUL,1
CAPITANEJO/MOTEL,1
GUAYO-ARENAL,1
CAYABO/GUAYO,1
-GUARAGUAO,1
COLLORES-,1
COLLORES-GUAYO-MONTE,1
COLLORES-SAN,1
CARLOS-GUARAGU,1
COLLORES/CAYABO,1
COLLORES/CORAL,1
COLLORES/GUARAGUAO,1
COLLORES/MIRAMAR,1
COLLORES/PARC,1
GUAYABAL/PARCELAS,1
VIAS/JUANA,1
RODZ-COLLORES,1
PASTILLO/,1
CANAS/ESTANCIAS,1
LOMAS/BOQUERON,1
LOMAS/HILL,1
MARAVILLA/EL,1
-HCDA,1
ABAJO-ALGARROBO,1
ABAJO/ALGAROBO,1
URB.BUSO,1
CANDELERO//26099,1
RL-26073,1
RL-26081,1
MAR-PUNTA,1
RTA/26099,1
ZAMAS/LOS,1
-LINEA,1
COABEY/ALMACEN,1
COLLORES/ALTURAS,1
TEJAS/GARGANZOS-LECHUGA/R019,1
TEJAS/VILLAS,1
R-034,1
CLUB/OCEAN,1
"LEANDRAS,",1
CANDELERO.RTA/99,1
RL-26050,1
RL-26053,1
RL-26014,1
R-26005,1
"HERMOSA,",1
"GRIPINAS,",1
GRIPINAS/SECT,1
BO.ZAMAS,1
INT.BO.COABEY/SECTOR,1
"PULGUILLAS,",1
VEGA..LEY,1
A-8,1
URBANO-URB,1
AMUELAS-GUANABANO-AGUA,1
ZAMAS-SECTOR,1
PLANES-LA,1
ABAJO-ALTOS,1
ARRIBA-HOYO,1
ARRIBA-LAS,1
ARRIBA-VISTA,1
PALMAS-ALTOS,1
CATANO.SECT/LA,1
CAPAEZ/SOLAR,1
CAPAEZ-LA,1
CAPAEZ-PUNTA,1
CAPAEZ/ANTES,1
CAPAEZ/CRUCE,1
CAPAEZ/DONATE,1
CAPAEZ/LECHUGA,1
CAPAEZ/RANCHO,1
CAPAEZ/SECT,1
#13,1
CAPAEZ/VARIEDADES,1
RES.MARBELLA,1
SECT.QUINTO,1
CAPAEZ-*LEY,1
CARRIZALES-SECT,1
"BAYANEY,CRUZE",1
ROSA-LA,1
J-6,1
AIBONITO-CANCHA,1
BAYANEY-,1
SECT.VILLAMIL,1
"BAYANEY,ES",1
"BAYANEY,SECT.VILLAMIL",1
BAYANEY/LA,1
BAYANEY/SECT,1
VISTA/TALAVERA,1
BUENAVISTA-ALTOS,1
BUENAVISTA-QUI-00-13299,1
BUENAVISTA/SECT,1
CARRIZALES-CALLE,1
"CARRIZALES,",1
NARANJITO-LOS,1
CORCOVADO-FINCA,1
CORCOVADO/EL,1
CORCOVADO/ESTANCIA,1
CORCOVADO/SECT,1
LECHUGA/DESP,1
NARANJITO/CJN,1
CORCOVADA/SOLARES,1
NARANJITO/LAS,1
PAJUIL-CALLE,1
PAJUIL-PARC,1
PAJUIL-SECT,1
PAJUIL/PARC,1
PAJUIL/SECT,1
PAJUIL/SISTERNA,1
CORCOVADA/MANS,1
CARRIZALES/ALTURA,1
"CARRIZALEZ,",1
CARRIZALES/HACIA,1
CARRIZALES/PARC,1
CARRIZALES/SECTOR,1
CARRIZALES/SOLARES,1
CARRIZALESSECT.RODRIGUEZ,1
CARRIZALEZ/CALLE,1
CORCOVADA/CUATRO,1
CARRIZALEZ/SECT,1
CORCOBADA-SOLAR,1
CORCOBADOS/SECT,1
CORCOVAD0/SECTOR,1
CORCOVADA-EL,1
CORCOVADA-REPTO,1
"CORCOVADA,",1
CLAN-CALLE,1
BAYANEY/BERROCAL,1
"BAYANEY,SEC.BERROCAL",1
VISTA/RUTA,1
NAVARRO/LOS,1
FLAMBOYANES/R-062,1
NAVARRO/R-123,1
GALES/STA,1
STA.BARBARA,1
PROY.ALTURAS,1
RINCON/STR,1
CRUZ/NEGCIRILO,1
S/BARBARA/EL,1
PARAISO/M/BRISAS,1
RITA/JAGUAS,1
RITA/R-076,1
JIMENEZ/HATO,1
SOLARES/SANTA,1
GRAVERO/,1
III/VILLA,1
RT/066,1
NUEVO/QUERUBE,1
LLANOS/SECCOLON,1
PAISAJES/CIU.JARDIN,1
PAISAJES/CIUDAD,1
I/TOMAS,1
RODRIGUEZ/R-067,1
II/FINCA,1
ENCANTO/R067,1
I/SANTA,1
II-SECTOR,1
III/VILLAS,1
UBB.ALTURAS,1
PAZ/PRECIOSA,1
R-072,1
ALEGRE-RINCON,1
"VEREDAS,",1
RT/072,1
URB.GRAN,1
URB.MONTE,1
"O,REILLY",1
TESORO/R-077,1
ESTE/MODENA,1
VRAD-IP86,1
10-C,1
11-B,1
"JARDIN,",1
RT-077,1
FLAMBOYANES/R-077,1
PAISAJES/C,1
SUENOS/CIUDAD,1
JOSE//R-056,1
BARBARA-FRENTE,1
VEREDAS-CLUSTER,1
VISTALAGO/CIUDAD,1
/MARGINAL,1
PUEBLO-SECT,1
JAGUITAS-LA,1
JAGUITAS/SCT,1
SEC.CARACOL,1
SOL.10,1
JAQUITAS/PASEO,1
PLUMAS/SECT,1
BONITA/CARRIZALES,1
-76,1
"MANANTIALES,BAYANEY",1
ALMENDRO/QUI¬ONES,1
BAYANEY-AIBONITO,1
"SONADORA,",1
C/ELENA,1
ROSA/CAM,1
CORALES-CARRIZALES,1
I-14,1
MONTEMAR-SOLAR,1
E-37,1
E36/CARRIZALES,1
VERDE-,1
"SUR,PALMAS",1
RL-26096,1
RL-26002,1
PRRA..RL,1
/PALMAS,1
P.D.M,1
CAND.ARRIBA,1
VISTA-LA,1
"VIA,",1
R-26056,1
RL-26007,1
LAUREL//26084,1
RUIZ/CALLE,1
E-2,1
BELLO/CALLE,1
CEIBA/LAVADERO,1
LAVADERO/JAGUITAS,1
AGUACATE-CALLE,1
R-29027,1
"BENITO,",1
INVASION/ORQUIDEA,1
R-084,1
"RUIZ,CALLE",1
PUEBLO-SECTOR,1
C/COMERCIO,1
F.VELAZQUEZ,1
ALEGRE/CALLE,1
CARRIZALES-SEC,1
CARRIZALES/OFINA,1
CARRIZALES/ORATORIO,1
CARRIZALES/QUINTO,1
CARRIZALES/URB,1
CARRIZALES/VISTA,1
CARRIZALESEST.,1
BUENAVISTA/LA,1
CLEMENTE/PAJUIL,1
"PUEBLO,",1
PUEBLO/AVE,1
PUEBLO/SEC,1
PUEBLO/SECT.ALVAREZ,1
PUEBLO/SECT.MOLINARY,1
PUEBLO/SOLAR,1
PUEBLO/STA,1
PUEBLO/VEC,1
ATLANTICO/CARRIZALE,1
"BAYANEY,",1
BO.CARRIZALES,1
BO.CARRIZALES/VILLA,1
BO.CARRIZALEZ,1
BO.CARRIZALEZ/ORATORIO,1
BO.CARRIZALEZORATORIO,1
"CARRIZALEZ,UR.PASEOS",1
CARRIZALEZ/COSTA,1
CARRIZALEZ/KINTO,1
CRISTNA-CORCOVADO,1
D-15,1
"RANCHITOS,BAYANEY,HATILLO",1
NARANJITO/VENDUN,1
"PROF.CENTER,CARRIZALEZ",1
PAJUIL/CISTERNA,1
CARRIZALEZ/ORATORIO,1
#293,1
2/PAJUIL,1
ESTAN.CARRIZALES/CALLE,1
GORDA/CARRIZALES,1
CARRIZALEZ/URB,1
CARRIZALEZPARC.,1
CORCOBADA/EL,1
CORCOBADA/QUINTO,1
CORCOBADO/DESP,1
CORCOBADO/SECT,1
CORCOVADA/,1
CORCOVADA/EST.VISTAVERDE,1
CORCOVADAEST.VISTAVERDE,1
CORCOVADO/ESTANCIAS,1
CORCOVADO/MANSIONES,1
CORCOVADO/PARC,1
CORCOVADO/URB,1
A.P.,1
"I,BO",1
MIRASOL/LA,1
MIRASOL/LAS,1
MIRASOL/LOS,1
PALMARLLANO/SECTOR,1
#C-569,1
ARCE/,1
ARCE/EL,1
SOLLER-SEC,1
PILETAS-SOLLER,1
PILETAS/CASTRO,1
PILETAS/MONCHO,1
CALLEJONES-LA,1
CALLEJONES/SECTOR,1
CASTA&ER/EL,1
MATILDE/ENT,1
LARES/PALMAR,1
LARES/PALMARLLANO,1
LATORRE/COLLAZO,1
LATORRE/LA,1
LATORRE/SECT,1
PILETAS/EL,1
PILETAS/SECT,1
FORTUNA/COSTAS,1
"ALTOZANO,SOTANO",1
ANONES-ALTOSANO,1
ANONES/GALLERA,1
VISTA-EL,1
CERROTE/BRYAN,1
CERROTE/SECTOR,1
ESPINO/CAM,1
ESPINO/ENTR,1
FURNIAS-CANCHA,1
FURNIAS-SECT,1
FURNIAS/SANTA,1
PUEBLO/LA,1
PUEBLO/MIJAN,1
Had.,1
DRA.,1
K38.2,1
/COLINAS,1
ROSA/ESTANCIAS,1
ALEGRE/LAJAS,1
SECT.CERRO,1
MAGUAYO/PARC,1
"4,",1
/ALTURAS,1
BARTOLO-CALVACHE,1
COURT-SAB,1
"OLIVARES,",1
ARRIBA/SEC.,1
OLIVARES-CALLE,1
Par.,1
BARTOLO-LA,1
BARTOLO/LOS,1
BARTOLO/SECTOR,1
"BO.LARES,SEC",1
PILETAS/SEC.LOS,1
"BARTOLO,SEC",1
AIRES/EL,1
"BO.,LARES,URB",1
"BO.LARES,CRUCE",1
BO.PILETAS,1
"BO.PILETAS,SEC",1
"BO.PUEBLO,URB",1
BO.SEBORUQUILLO,1
AIRES-SECTOR,1
AIRES/JOBOS/TORREFACCIO,1
AIRES/SECT,1
LATORRE/SECTOR,1
"BARTOLO,SECTOR",1
BARTOLO/SECT,1
"AIRES,SECT",1
/COLLAZO,1
BO.MARAVILLA,1
S//,1
TEJAS-ASOMANTE**RUTA,1
TEJAS-BUENA,1
TEJAS-SECT,1
TEJAS/S.SENDO,1
LOZADA*R-063*,1
RT/009,1
1/LA,1
3/SANTANA,1
I-REY,1
II*R-019/SL-1210*,1
II/SECTOR,1
3-SEC,1
SABANA.DESVIO,1
052/SL-00280**,1
BO.ARENAS,1
BO.COLLORES/,1
R-004,1
/SOLARES,1
CAMPITO/RUTA,1
DAVILA/RUTA,1
052/SL-00370**,1
COLLORES/ENTR,1
COLLORES/FERMINA,1
COLLORES/QUINTAS,1
CUPEY-COLLORES,1
R-031,1
/LP,1
R-062,1
BO.TEJA/LA,1
BO.TEJAS,1
SECT.REDONDELR016,1
BOQUERON/R,1
07/NEC,1
OMBLIGO/RUTA,1
PARAISO/BOQUERON/R00,1
GLADIOLA-PARC,1
REAL//RT,1
SUR/SABANA,1
SUR/SECOTR,1
1*R-042//SL-3550*,1
BUCARABONES-,1
FURNIAS-RIO,1
CERROTE/LAGUNA,1
CORCOVADA/SAGARDIA/LA,1
COSME-LA,1
FURNIAS-PARCELA,1
FURNIAS/SECT,1
JUANITA-,1
ESTE/AGUSTIN,1
ESTE/PARC,1
/EST,1
NORTE/ESTANCIAS,1
SUR-PUNTO,1
CERROTE/FLORENCIANI,1
BRYAN/PAR,1
BUCARABONES-LA,1
BUCARABONES-SECTOR,1
BUCARABONES/MAGUEYES,1
BUCARABONES/SECT,1
VISTA/ANTES,1
ESC/DERECHA,1
VISTA/ESPOSA,1
VISTA/LA,1
K12.9,1
NARANJALES/HEREDIA,1
NARANJALES/LA,1
COLLORES.,1
ARENAS/AL,1
016//SL-4230*,1
BOQUERON/,1
SUR*RUTA-042//SL-3300,1
005/SL-01970*,1
COLLORES/GENO,1
COLLORES/SECT.GE,1
COLLORES/ULT,1
SEC.LIBORIO,1
FERMINA/COMUNIDAD,1
R-049,1
ESCRITA/LOS,1
CANAS-SECT,1
INM.,1
CONCEP.,1
BO.PALMAREJO,1
STA.ROSA,1
NORTE/SANTANA,1
NORTE/SANTANA/BASE,1
GANDUL/,1
152-097,1
R/078,1
CACHO/,1
"SUR,DESP",1
SUR/CANALES,1
R-060,1
SUR/CANALES/,1
RT/060,1
SUR/SECC,1
NORTE/GRETA,1
NORTE/GARAGE,1
ALEGRE-SEC,1
ALEGRE/RUTA,1
SEC.TOTEJAS,1
GALLO/,1
"NORTE,SANTANA,PIEDR",1
NORTE/ENTR,1
R-061,1
R-087,1
"NORTE,CAMINO",1
"NORTE,SEC",1
//80,1
SUR/SECT.CANALES,1
SANTAROSA/,1
BONITAS.RTA047,1
COROZA/R,1
ABAJO/LAS,1
ABAJO/PINAS,1
ABAJO/TAJEA/RUTA,1
ARRIBA/DAMASCO,1
TENA-RUTA,1
RT/050,1
JARD.VALENCIANO,1
R-081,1
"PLAZA,CEIBA",1
NORTE/R,1
CEIBA--RUTA,1
JUNCOS/BO,1
ESQ.BALDORIOTY,1
064/SL-2900*,1
R-058,1
R-090,1
SANTANA-LOS,1
RTA/018,1
"SANTANA,SEC",1
"MANGO,",1
MANGO/LA,1
BONITA/R,1
Ext.,1
STO.,1
010//SL-02630**,1
LIRIOS/RUTA,1
SUR-POMALES**RUTA,1
C.NORTE-LOS,1
MARTA-,1
-00-10687-13,1
JAZMIN-FINCA,1
ABAJO/PARC,1
ABJ-HCDA,1
ARRIBA/DESCALABRADO,1
ARRIBA/EXT,1
CAFE-PANADERIA,1
ALGARROBO/RIO,1
VERDEAZUL/RIO,1
SECT.DAMASCO,1
PEREZ*R-019,1
ABAJO-VAQUERIA,1
CAIMITO/GUR,1
ABAJO//,1
BO.CAMPINAS,1
BO.EL,1
R-048,1
BO.MAMEY,1
BO.PINAS,1
"BO.QDA,DESP",1
R-047,1
SEC.CABRITO,1
ABJ-EL,1
LIRIOS-4,1
MAMEY-CANTA,1
MANGO-LA,1
MANGO/CAMPO,1
APARTMENTS/,1
ABAJO/MARICESI,1
PEREZ/R,1
VAL.ABAJO,1
RT/47,1
/FINCAS,1
ABAJOSECT.EL,1
ABAJO/COLINDANCIA,1
ABAJ/NEG,1
"TERRAZA,R21",1
II/SWEET,1
ABAJO/ENTR,1
ABAJO/ENT,1
"ABAJO,SECT.",1
CARR.9929,1
VALENCIA/RUTA,1
RT/055,1
RTA/055,1
RT/033,1
BONITA/919,1
K4.6,1
VIVIANA/R019,1
"DERCH,BAR",1
"ABAJO,2DA",1
ABAJO/FINCAS,1
ABAJO/R-020,1
ANCONES-CHRISTIAN,1
"CANDELAIRA,SECT",1
"CANDELARIA,SECT",1
CHRISTIAN-LOS,1
/ENCARNACION,1
PLATA/CJON,1
ARRIBA-C,1
ARRIBA/LAS,1
PARGUERA-SECT,1
"GUARAS,",1
-TRAILER,1
"ROSA,",1
JUNCOS/VAL.ABAJO,1
TARF.211,1
RT-073,1
RT/073,1
ARRIBA/BAR,1
ARRIBA/GUITO,1
VALENCIANO/,1
VALENCIANO/SECT.PADRO,1
VERDE/C,1
R/055,1
VALLEY/R55,1
VALLEY/RUTA,1
JUNCOS/,1
JUNCOS/RT-020,1
BO.CEIBA,1
RT-090,1
MAMEY/BO,1
"MAMEY,BAJR,1RA",1
/CRISTOBAL,1
II/DESPS,1
LIRIOS/FEDERICO,1
MAMEY/CARRION,1
MAMEY/FTE,1
FORTUNA/R41*,1
MANGO/DAMASCO/SALON,1
ACTV/R056,1
RT/090,1
R-011,1
400-URB,1
PLACITA/COROZA,1
R-082,1
PLACITA/SEC,1
PINAS/,1
R013/TOMA,1
DORADOSECT.CUEVAS,1
SEC.MASSAS,1
PADRO/VAL,1
"LIRIOS,",1
LIRIOS/,1
MENDOZA/RUTA,1
NUEVAS/VAL,1
R-064,1
PARC.SANTANA,1
//,1
JUNCOS.RTA/056,1
RT/015,1
"MARICESI,VAL",1
PARC.VALENCIANO,1
VALENCIANO/R,1
PINAS-ENTR,1
II-SEC,1
R-010,1
BONITO-CEIBA,1
BONITO/BO,1
PEREZ/VAL,1
ARRIB-RUT,1
PEREZ-VAL,1
ARRIBA-RUT,1
MIRANDA-MASAS,1
ADENTRO/SAN,1
ANA/BO,1
BO/LOS,1
PULGUILLAS/HOYA,1
Sect.,1
Rinc.,1
BO/PASTO,1
PULGUILLAS-GS,1
JUEYES/MARIANO,1
JUEYES/PARC,1
JUEYES/PARCELAS,1
JUEYES/SABANA,1
ANA/EL,1
GARCIA/SECTOR,1
CATALINA/CHEO,1
CATALINA/DESCALABRADO,1
CATALINA/SECT,1
"ILDEFONSO,",1
BO.PEDRO,1
QUIN.,1
ELENA/LA,1
ELENA-GS,1
ELENA-GS-WORLD,1
ELENA-SECT,1
ELENA.SECT,1
/PARCELAS,1
HIGUERO-ALTOS,1
NEG.,1
--CAFETERIA--,1
NARANJO-PARC,1
CEJAS/EL,1
ESCONDIDO/BO,1
BOSQUE/BO,1
D-1,1
D-5,1
I-4,1
ELENA-BERMUDES,1
Est.,1
"GUAYACAN,",1
"CEDRITO,",1
SUD.,1
-SCTR,1
RABANAL/,1
BO.RINCON,1
CIDRA-16-B,1
/PELEGRIN,1
CERTENEJA/HACIENDA,1
PRIMAVERA/EST,1
BOSQUE/NOGALES,1
SUD/,1
SUD-VALLES,1
GARCIA/LOS,1
RABANAL/SECTOR,1
CASILLAS-MULLER,1
RABANAL-ALMIRANTE-LOS,1
RABANAL-LOMA,1
RABANAL-SCTR,1
ALEJANDRO-,1
"RABANAL,JARD",1
#8,1
SUD-LA,1
RINCON-SECTOR,1
NOGUERAS/LOTE,1
SALTO-SCTR,1
SUD-,1
-CARRUZO,1
PALMERAS/ESTANCIAS,1
PALMAREJO-COM,1
"HAYALES,",1
FLORES/CALLEJON,1
LLANOS/GABIAS,1
LLANOS/SEC,1
PALMAREJO/ARRIBA,1
PASTO/,1
PASTO/SECTOR,1
ANA/SECT,1
HAYALES-LLANADAS,1
HAYALES-GS,1
SUD/VALLES,1
TORITO//15-12,1
/R115,1
URB-,1
BEATRIZ/GUAVATE,1
BERMEJALES--RATONES,1
ARRIBA/ARTURITA,1
CUYON/CERRILLO,1
CUYON/PARCELAS,1
CUYON/PR764,1
-MANUEL,1
/CONCHO,1
NE-584,1
SECT.MEDINA,1
BLANCOS-LA,1
BLANCOS-LOS,1
"CIBUCO,",1
-MANCHURIA,1
PALMARITO-RADIO,1
MANA--HOYA,1
MANA-EL,1
SECT.HORMIGA,1
BO.MANA,1
"BO.MAVILLAS,SECT.EL",1
BO.PALMARITO,1
KM.16.5,1
PALMARITO-GS,1
PADILLA/SECTOR,1
NEGROS-ACUEDUCTOS,1
PADILLA-PARCELAS,1
PADILLA/SECT,1
PALMARITO-GA,1
"PALMAREJO,",1
"PALMAREJO,PARC",1
PALMAREJO/PARCELAS,1
-RADIO,1
",,MANA",1
CIBUCO/IRENE,1
SECT.LOPEZ,1
56-A,1
J.MARRERO,1
NUEVAS/BO,1
"MAVILLAS,QBA",1
MUDOS-ABRAS,1
"B,BO",1
PALMARITO-PARCELA,1
-HOYA,1
PALMAREJOPAR.JULIA,1
MINA/CANCHA,1
CUCHILLAS/HORMIGAS,1
I/SECT.AGUSTIN,1
BOCAS/CARMELO,1
BOCAS/DANIEL,1
BOCAS/RANCHO,1
MANA-GS,1
MANA/,1
MAVILLA/LOS,1
PALMAREJO-CANTERA,1
MANA/SECTOR,1
ABAJO/ALTOS,1
TIZA/PUEBLO,1
ELENA/SAMORA,1
ACUED.PINAS,1
CIPEY-ALTOS,1
//ALTOS,1
ABAJO-SECC,1
ABAJO/VUELTA,1
CLASE-GS,1
AB.,1
"MANA,SECT",1
FA.10143963,1
PALOMAS-GS-PALOMAS,1
PALOMAS-SECT,1
"PALOMAS,",1
PALOMAS/LOS,1
PALOMAS/SECTOR,1
PASARELL-LAZOS,1
SE-530,1
CEDRITO-LA,1
HONDO-PUNTILLA,1
REDONDA/PARCELAS,1
ELENA/SECT,1
HONDO--LA,1
LIRIO/NARANJO,1
30.5,1
SUB-METRO,1
PLATA/CALLE,1
CUCHILLAS-SEC,1
"II,CALLE",1
B-25,1
BOCAS/EL,1
MANA-QDA,1
"MANA,,LAS",1
E-5,1
ANDRES-,1
DESVIO-LOS,1
ABRAS-MAVILLAS,1
SECT.NAVARRO,1
"CIBUCO,SECT",1
"CIBUCO,SECTOR",1
CIBUCO/SECTOR,1
RINCON-HDA,1
D-16,1
"RINCON,LOMA",1
"RINCON,MARINA//SOTANO",1
#25,1
"PILFO,APT",1
TOITA--SECTOR,1
BO.CERCADILLO/,1
BO.CERCADILLO/LOS,1
BO.RINCON/,1
"VEGUITA,DANILO",1
LAPA-,1
VEGAS-PARC,1
VEGAS-PONDEROSA-,1
"VEGAS,SECTOR",1
ARRIBA-CASA,1
-CENTRO,1
"MONTELLANO,LA",1
ESMERALDA/BO,1
21003-58150,1
ELEM.,1
"URDANETA,",1
"CLARAS,",1
COMP.,1
3421031-33200,1
MONTELLANO/CTRO,1
3421010-57750,1
URB.MANSIONES,1
3421027-62010,1
3421010-51251,1
3421010-54020,1
3421010-57720,1
GUAVATE/SECTOR,1
GUAVATE-SECT,1
01-19***,1
"BIASCOCHEA,",1
ESPERANZA/VILLA,1
GUAVATE---15-12----,1
"SUPERIOR,",1
"CANOVANILLAS,",1
/CACAO,1
IP-65,1
91-0,1
BEATRIZ/SOLAR,1
BEATRIZ-COLINAS,1
BEATRIZ-SCTR,1
PINERO-,1
LA-4,1
ALTO-SECTOR,1
FARALLON-CARITE,1
FARALLON-SCTR,1
GUAVATE-,1
APAT/B,1
PUNTILLA-ESQ.SAN,1
89-05471,1
RESD.,1
C/PALMAS,1
12-BO,1
FAB.,1
"CUARTA,",1
"CANAS,",1
"PE¬ONALES,",1
",BO",1
MANICABOA/BO,1
A-24,1
POZAS-BLACHO,1
ARENAS-CAMPOBELLO,1
YUNES/TOSQUERO,1
CAMPAMENTO-LA,1
VIEJO-CAMPAMENTO,1
VIEJO-SECT,1
CLARA-CALLE,1
7-JAGUA,1
L-7,1
ARENAS-PARC,1
98-,1
ARENAS-SECTR,1
CEIBA-LOS,1
CEIBA-SECTOR,1
"CEIBA,BO",1
ARENAS-STA,1
2-A,1
CERTENEJAS-SECT,1
HONDURAS-,1
"MONTELLANO,CARUZO",1
CAÑABON/,1
BEATRIZ//SECT,1
BEATRIZ-SECTOR,1
CLARA-PARC,1
246-,1
"ARENAS,SECT//VILLA",1
"ARENAS,SECTVILLA",1
MARTIN-6,1
#12,1
BAYAMON-MACHUQUILLO,1
"BAYAMON,PARC",1
ALTURA-LA,1
FRONTON-SABANA,1
FRONTON-SAN,1
"FRONTON,",1
#94,1
LINEA-SOLAR,1
JAGUAS-BRISAS,1
FRONTON-PAR,1
JAGUAS-SECTOR,1
PESAS-LA,1
PESAS-TORTUGUERO,1
FRONTON-PUENTE,1
FDZ.,1
"CUCHILLA,",1
CENTRO/LA,1
CAMPAMENTO/HATO,1
CENTRO-LOS,1
CIALITOS-SECT,1
CORDILLERA-VILLALOBOS,1
CORDILLERA/CNTRO,1
PESAS/SECT,1
DER.DESP,1
CAMPAMENTO-SECTOR,1
16.4,1
CRUCE-FRONTON,1
6283/SECT,1
POZAS-CAPILLA,1
POZAS-SECT,1
POZAS/CUESTA,1
POZAS/SECTOR,1
NEGRO-CIALITOS,1
ARAMANA/CIBUCO,1
EXT.VILLA,1
EDIF.I,1
ED.,1
A-AVE.,1
#20,1
ALTOS/LOS,1
"LLANOS,SEC",1
LLANOS/CAM,1
HILLS/AL,1
"838,",1
TORRES/LOPEZ,1
"169,",1
"837,",1
CASES/,1
CASES/FTE,1
CASES/SECT,1
BLANCAS/LOS,1
PALMAR/SANTA,1
GALLO/STA,1
REPT.CARMEN,1
#82,1
REYES/LOS,1
GUARAGUAO/GALLERA,1
GUARAGUAO/PARC,1
SOTANO/GREENVILLE,1
ESTATES/QDA,1
I/PEDRO,1
CORUNA/AREA,1
SOL/CAM,1
SOL/MAMEY,1
"NAZARIOS,",1
"PARK,BO",1
K15.3,1
GUARAGUAO/CARR,1
GUARAGUAO/ES,1
GUARAGUAO/JUANA,1
GUARAGUAO/POR,1
NUEVO-GREENVILLE,1
NUEVO/LOMAS,1
NUEVO/SECTO,1
-2-,1
I/FELIX,1
II/HECTOR,1
-LOPEZ,1
CAMARONES/,1
CAMARONES/CERCA,1
CAMARONES/MANGOTIN,1
CAMARONES/PIEDRAS,1
CAMARONES/SALOMON,1
FRAILES/SECT,1
GALLO/SECT,1
ALTOS-BALDWIN,1
ALTOS/SEC,1
14/GUARAGUAO/VILLA,1
2/LA,1
III-URB,1
NUEVO/SECT.,1
BO.AMELIA,1
BO.CAMARONES/SECT.,1
BO.FRAILES,1
BO.RIO/SEC.LOS,1
RIO/LOS,1
MAMEY/4TA,1
ALEJANDRINO/PIEDRAS,1
CAMARONES/EL,1
ALEJANDRI.CARR8,1
SONADORA/MONZON,1
MAMEY/CALLE,1
MAMEY/PEDRO,1
MAMEY/SEC,1
20.2,1
RIO/,1
RIO/BRISAS,1
RIO/VECINOS:,1
"RALAT,M",1
"RIOS,SECTOR",1
/SEC.LOS,1
I/SECTOR,1
II/CANTA,1
ROSA/CALLE,1
/PAR,1
II/CALLE,1
NAVARRO-SECT,1
MAMEY-,1
I/R-076,1
1/SECTOR,1
I/CAMINO,1
SE-640,1
"NAVARRO,EL",1
II/ALADO,1
NAVARRO/ENTR,1
QDA.INFIERNO,1
RINCON/CAMPAMENTO,1
RINCON/LOCAL,1
RINCON/MANO,1
RINCON/NEG,1
RINCON/SEC,1
RT-27-067,1
JAGUAL/,1
JAGUAL/SEC,1
JAGUAL/ULT,1
JAGUALSEC.JUAN,1
LOMAS/BRIGIDO,1
LOMAS/DAMIANA,1
JAGUAS/R-080,1
GINAS/R-078,1
I/VER,1
"VERDES,CALLE",1
#125,1
1/SEC,1
2/,1
RINCON/SECTOR,1
GUARD/LLANOS,1
CEL/CENTRO/GUADALUPE/LA,1
CELADA-CARRETERA/LOS,1
GURABO/LOS,1
JARDIN/VISTA,1
V/VEREDAS,1
DESP.BOMBA,1
PROX.IZQ.SUBIR,1
ENCANTO/BO,1
VISTA/R-300,1
BO.STA.RITASECT.TULO,1
RITA/LOS,1
RITA/SEC,1
"BO,MASAS,",1
"CELADA,",1
"JAGUAL,LOS",1
BO.MASSAS,1
II/SECT.LOS,1
BO.NAVARRO/SECT,1
BO.NAVARRO/SECT.CIELITO,1
BO.RINCON/SECT.BELLA,1
JAGUAL/CAJA,1
/LOZ,1
AIR-,1
M-6,1
NUE.,1
SOL/BO,1
SOL/CARR,1
IP-35,1
CAOBOS/COND,1
"HATO,NUEVO",1
V.CAMPESTR,1
"FELICIANO,",1
"BRECHA,",1
"MUDA,",1
"BAEZ,",1
P.BLANCA,1
"QUEB.ARENAS,CAR",1
SONADORA/LA,1
REAL/STA,1
CELADA/CURVA,1
CELADA/LOS,1
CELADA/PARC,1
CELADA/SEC,1
QUERUBE/CASUL,1
CELADA/SECTOR,1
IP-45,1
NUEVO-COM,1
NUEVO/COM,1
NUEVO/COM.MARIA,1
NUEVO/JUSTO,1
NUEVO/PABLO,1
NUEVO/RTA,1
NUEVO/GURABO,1
1RA.SEC,1
BERDECIA/COLINAS,1
ALTO/TORRIMAR,1
"BO.RIO,",1
IGL.CRISTO,1
3420017-74500,1
CABEZAS/LAS,1
3420036-73400,1
3420023-51456,1
VUELTAS-PLAZA,1
20032-31551,1
"II,DOR.",1
DORADO/BO,1
DORADO/HIGUILLAR,1
/MONTE,1
MONTES-MONTEREAL,1
MONTES/MONTERREAL,1
MONTES/MONTEVERDE,1
MIRAFLORES/,1
MONTEMAYOR/LOS,1
MONTES/,1
URB.MIRAFLORES,1
URB.PALMAR,1
URBA.,1
DORADO-STA,1
20033-08900,1
3420033-37500,1
20064-00300,1
20043-43410,1
GG-9,1
#615,1
COND.LA,1
3420042-20200,1
"CROABAS,",1
"CROABAS,BO.LAS",1
20019-16550,1
PARC.BELTRAN,1
QDA.VUELTAS,1
"DORADO,",1
/SCT,1
/MAGUAYO,1
"MAGUAYO,",1
"MAMEYAL,",1
PUERTOS/SECTOR,1
SECT.COMBATE,1
"PUERTOS,",1
ORO/VILLAS,1
VILLAS/ESTE,1
MAR-THC,1
"CULEBRA,",1
A/C,1
HIGUILLAR/SECTOR,1
"HIGUILLAR,",1
HIGUILLAR/ARENAL,1
HIGUILLAR/EXT,1
HIGUILLAR/PLANTATION,1
HIGUILLAR/POSTES,1
HIGUILLAR/SAN,1
"DORAVILLE,",1
ROSA-SECTOR,1
MAYOR/,1
DORADO/GABLE,1
LAJAS/HACIENDA,1
BEACH/COSTA,1
"COTTO,",1
"FINAL,",1
SECT.JAZMIN,1
FINAL/BO,1
MAMEYAL-VILLA,1
MAGUAYO/SECT,1
BREEZE/QUINTAS,1
HIGUILLAR/DORADO,1
MONTES-MONTEMAYOR,1
MONTES/EL,1
MAGUAYO/LAS,1
ALTOS/,1
MIRAMAR/BO,1
MARTIN/POZO,1
CHI-CHI,1
JOBOS/MIRAMAR/CALLE,1
CARMEN/SECT,1
JOBOS/MIRAMAR,1
866-59,1
PICA/GARAGE,1
01-23-90,1
OLIMPO/PARC,1
HONDO/COM,1
POZUELO/REST,1
149.1,1
T.C.,1
180-A,1
JOBOS-ESCUELA,1
MARTIN/BO,1
DOMINGO/GASOLINERA,1
HONDA/LA,1
ARRIBA/PLANTA,1
1.8,1
ANGLADE/BDA,1
ANGLADE/BLONDET,1
ANGLADE/PISO,1
O-9,1
#16,1
COMISION-BASE,1
"MARTÍNEZ,",1
"CARENERO,SETC",1
LUNA/SECTOR,1
MAGUEYES/CALLE,1
"MONTALVA,SECT",1
MONTALVA/SAL,1
SELGAS-POR,1
YANES-III,1
ADENTRO/SECT,1
FLORIDA/BEJUCO,1
TOSAS-REPTO,1
PAJONAL-LOS,1
"140,FLORIDA",1
"MALDONADO,SECTOR",1
COLON-BDA,1
JACINTO/CARENERO,1
CAIMITAL/OLIMPO,1
CAMBRENE/PALMA,1
CARITE-RUTA-40046,1
CARITE/SECT,1
CORAZON/SECT,1
GUAMANI/SEC,1
GUAMANI/SECTOR,1
LUNA/PARCELAS,1
HACIENDAS/LA,1
#36,1
"2,BRISAS",1
TANIA/BO.,1
BARRANCAS/COM,1
BLONDET/MINIMA,1
